#{"t_start": 1686138919.6040728, "env_id": null}
r,l,t
0.92697,113,2.291301
-1.080089,96,2.510716
0.954987,65,2.661313
0.91916,96,2.87732
-1.143263,151,3.19859
0.980007,30,3.259331
0.964839,47,3.351768
0.943906,78,3.514334
0.953636,62,3.640995
0.921198,103,3.849438
-1.088133,103,4.051896
0.970735,43,4.147641
0.856612,151,4.444288
0.858775,166,4.766618
0.941608,78,4.934009
-1.101816,99,5.138482
-1.094191,105,5.360994
-1.088341,104,5.563806
0.982064,31,5.624644
0.961089,53,5.725375
0.954157,63,5.845533
-1.07908,96,6.067469
0.94932,72,6.236423
0.95512,58,6.614531
0.9725,39,6.732216
0.892487,115,7.003284
0.968896,46,7.114823
0.980431,32,7.189615
-1.202828,190,7.611912
0.969171,44,7.698679
0.939444,84,7.890168
-1.07839,101,8.154461
0.944035,97,8.382985
0.924455,94,8.620963
0.929503,90,8.84049
0.906714,118,9.121285
0.957603,68,9.267171
0.951673,67,9.409259
0.959285,55,9.529525
0.955906,69,9.70406
0.939714,87,9.914511
-1.088022,99,10.164511
0.972579,39,10.260894
0.939229,73,10.441028
0.933157,79,10.646124
0.87851,175,11.067677
0.90001,130,11.370497
0.964299,58,11.705334
0.98547,24,11.762183
0.875994,143,12.05086
-1.127077,144,12.343535
0.969593,49,12.446504
0.977542,32,12.514322
0.975078,37,12.592113
0.95092,70,12.738229
0.971771,42,12.825196
-1.097699,95,13.018381
0.93023,90,13.204285
-1.088344,125,13.482647
0.95095,82,13.649045
0.938157,99,13.839535
0.894137,102,14.034521
-1.112712,136,14.306794
0.98154,32,14.368628
0.977082,33,14.430368
0.916168,99,14.620192
-1.11369,143,14.891133
0.973324,37,14.961945
0.97602,34,15.027768
0.896803,122,15.259735
-1.216809,231,15.690882
0.966506,52,16.02601
0.989304,20,16.075877
0.983358,28,16.150676
-1.093566,113,16.380063
0.910648,136,16.687451
0.929123,95,16.876327
0.973029,39,16.955117
0.917841,96,17.150604
0.98489,25,17.20047
-1.164959,176,17.562993
0.960837,55,17.682079
0.969351,45,17.783878
-1.121272,151,18.116319
0.927628,94,18.319775
0.956993,70,18.472367
-1.124035,136,18.761101
0.952578,64,18.904227
0.95199,68,19.063804
0.940839,75,19.204981
0.944464,77,19.385654
-1.298205,255,20.012832
0.967485,42,20.124532
0.980815,29,20.199899
0.926909,99,20.428838
0.956496,58,20.842143
0.970874,43,20.958496
0.916655,100,21.185734
0.962291,54,21.321376
0.927327,97,21.591654
0.961582,52,21.70934
-1.178766,207,22.146332
0.934536,79,22.320399
0.970445,39,22.40617
0.957211,60,22.533829
0.956545,62,22.662735
-1.089915,107,22.888328
0.980017,31,22.951159
0.95828,65,23.091881
0.957834,64,23.225524
0.973695,40,23.307826
0.900742,119,23.551265
0.960032,54,23.662966
0.961229,66,23.809573
0.926053,90,24.024001
0.909264,110,24.278168
0.899129,136,24.591362
0.942748,68,24.752483
0.97196,39,24.840659
0.809219,238,25.391443
-1.178781,221,26.166136
0.935743,110,26.394075
-1.072607,95,26.597046
-1.287678,300,27.274366
0.946042,94,27.470431
0.992285,15,27.502944
0.938346,91,27.690491
0.933168,77,27.86879
0.972051,44,27.984007
0.995879,9,28.005972
-1.091391,104,28.263854
0.895983,121,28.604789
0.875786,160,29.002937
0.922166,110,29.281368
0.969464,40,29.382669
0.956122,62,29.535695
0.935287,88,29.751117
-1.17002,155,30.151833
0.976679,34,30.24658
0.989084,20,30.302027
0.979944,30,30.380816
0.88089,132,30.998943
-1.084765,111,31.305065
0.961295,62,31.485379
0.953345,78,31.68919
0.989568,20,31.742049
0.958466,55,31.879681
-1.182526,208,32.415249
-1.143017,182,32.8635
-1.147868,149,33.246373
-1.145032,171,33.655823
0.909502,111,33.920036
0.980833,29,33.990847
-1.306792,273,34.667001
0.942269,89,34.897175
-1.093692,119,35.173524
0.963722,53,35.298711
0.963704,58,35.434729
0.954122,80,35.626229
0.899705,128,35.921027
-1.084834,120,36.465705
0.973432,38,36.561449
0.879626,163,37.00522
0.959504,59,37.176236
0.981813,32,37.270983
0.951913,69,37.497156
-1.081137,97,37.78854
0.980705,32,37.881292
0.941405,79,38.103696
-1.072851,90,38.343222
0.926186,107,38.598138
0.995859,9,38.62008
-1.115504,144,38.971464
-1.104528,149,39.341383
0.824362,218,39.857705
0.966466,50,39.978188
-1.140263,177,40.393872
0.949375,61,40.51807
0.981741,33,40.586792
-1.088479,114,40.806919
0.924029,91,40.992121
0.883819,131,41.264038
-1.084638,96,41.69977
-1.086366,108,41.917691
0.909267,116,42.158207
0.953783,81,42.326402
-1.080984,95,42.519188
0.994727,11,42.540132
0.930783,90,42.719188
0.920185,107,42.950163
0.93142,90,43.143645
-1.21573,229,43.641079
0.957041,72,43.794
0.982196,28,43.854248
0.949621,86,44.048223
-1.253412,223,44.492575
-1.078518,102,44.687717
-1.175043,209,45.113957
-1.076589,103,45.314421
0.931605,92,45.488477
-1.107181,123,45.932031
0.988612,20,45.979894
0.981431,29,46.050915
0.943475,76,46.208494
-1.155846,203,46.639569
0.990835,17,46.67647
0.965433,46,46.779815
-1.075802,95,46.97608
-1.163554,209,47.397953
-1.322936,300,47.984297
-1.171769,177,48.353058
-1.194485,200,48.819114
-1.187479,198,49.266563
-1.308633,215,49.740657
-1.112084,111,49.962173
-1.089395,118,50.189195
0.923029,102,50.63333
-1.07605,96,50.823903
0.962824,51,50.920644
-1.283078,281,51.475639
0.992929,14,51.503566
0.945533,80,51.670306
-1.101721,118,51.906647
0.983439,28,51.961501
0.941905,82,52.136659
0.989461,19,52.174691
-1.183425,211,52.606599
0.888753,125,52.849001
0.906763,123,53.099931
0.960606,48,53.196673
0.94187,89,53.371971
0.953068,62,53.497634
0.9037,103,53.702833
-1.425903,392,54.577128
0.925631,92,55.045383
0.972816,39,55.148629
0.952393,74,55.309777
-1.131812,171,55.651026
0.964258,58,55.766716
0.947686,72,55.909336
-1.083155,100,56.113239
-1.263251,288,56.673933
-1.231783,227,57.138168
-1.15888,173,57.511374
0.973508,38,57.5898
0.95337,74,57.736913
0.943379,70,57.881527
-1.167061,186,58.250299
0.90894,107,58.471605
0.956282,68,58.611557
-1.143624,161,58.932528
0.910939,132,59.430563
-1.159626,188,59.87199
-1.252038,250,60.39487
-1.115886,131,60.683604
-1.102735,122,60.930943
-1.123731,155,61.24407
0.931051,101,61.452727
-1.070935,91,61.634099
-1.120988,166,61.962108
0.918621,107,62.169163
0.910882,104,62.363307
0.963442,49,62.459602
0.990119,18,62.49603
0.935381,107,62.715523
0.972656,39,62.788888
0.95701,65,62.916677
0.987628,22,62.960559
-1.112182,140,63.232092
0.984743,25,63.282592
-1.160781,191,63.874616
-1.148871,175,64.223407
0.936508,78,64.38847
0.911768,129,64.636862
0.968228,53,64.73859
-1.128205,125,65.027325
0.992343,15,65.061234
-1.412253,344,65.782229
-1.13599,145,66.109581
-1.129517,169,66.465599
0.925046,127,66.718717
0.962889,50,66.817451
0.971346,42,66.899233
0.971592,46,66.99398
-1.194305,177,67.353543
0.970174,43,67.439313
0.908113,133,67.701575
0.952039,67,67.850126
-1.151363,186,68.482277
0.913079,107,68.706189
-1.09221,98,68.905657
-1.166423,176,69.277662
0.948527,88,69.457301
0.924962,103,69.660568
0.971467,42,69.746338
0.918998,94,69.937411
0.962298,53,70.046455
-1.17888,198,70.465118
0.933289,97,70.696499
-1.101626,111,70.938171
0.950364,66,71.082785
-1.069869,93,71.28777
0.953802,78,71.457319
0.976363,34,71.535617
-1.083811,92,71.743375
0.989493,20,71.790409
-1.215153,224,72.255756
0.980403,31,72.31759
0.925597,87,72.498325
0.929786,105,72.966462
0.960537,68,73.110605
0.938069,78,73.264857
0.867726,139,73.540127
-1.138288,152,73.85279
0.905341,138,74.120972
0.916783,83,74.293444
-1.081528,105,74.516847
-1.238052,253,75.020353
0.944991,71,75.163846
0.979418,36,75.246652
-1.120903,159,75.56933
-1.138587,189,75.969648
-1.090166,125,76.23793
0.956246,63,76.367583
-1.138387,173,76.730639
0.954408,74,76.884732
0.94156,83,77.295633
0.824473,234,77.811256
0.98674,23,77.855137
0.922428,95,78.057596
0.932717,78,78.210508
0.995419,10,78.229457
-1.072473,115,78.466823
-1.143609,175,78.813448
0.922124,101,79.019146
0.95373,58,79.134674
-1.112052,128,79.382294
0.984169,29,79.437146
-1.422864,364,80.135337
0.954884,63,80.25832
0.916794,113,80.472805
0.9501,73,80.625524
-1.135688,172,80.962729
0.915009,136,81.252522
-1.082809,96,81.697096
-1.34827,249,82.260134
-1.194428,178,82.656662
-1.216638,193,83.105796
-1.14934,177,83.477638
-1.196429,249,83.977775
0.956166,58,84.090474
0.974125,42,84.173253
0.940534,80,84.335699
-1.233378,228,84.796074
0.956983,55,84.904103
0.952598,75,85.058913
0.970718,47,85.14967
0.943403,76,85.302262
0.963109,61,85.423937
0.955286,67,85.564561
-1.085404,97,85.755346
-1.134125,148,86.306155
-1.101095,130,86.589146
0.95115,65,86.731493
-1.072315,107,86.952331
-1.166941,196,87.366424
0.989687,20,87.412301
-1.084206,116,87.659245
0.960254,59,87.785428
-1.118919,159,88.130131
0.98728,22,88.17501
0.98721,22,88.222882
0.989251,20,88.269833
-1.189733,194,88.719187
0.926305,97,88.917749
0.988256,21,88.960635
0.976372,36,89.034438
0.973947,43,89.124197
0.918171,109,89.345606
-1.086443,94,89.533104
-1.233115,225,89.977113
-1.188743,215,90.390086
0.913662,126,90.873616
-1.10496,113,91.099535
0.925911,113,91.321805
0.918143,105,91.533759
0.980284,31,91.595592
-1.090631,122,91.840462
-1.101327,134,92.141545
-1.123171,168,92.48005
-1.077196,101,92.68432
-1.24852,215,93.136111
0.935193,80,93.300677
-1.099281,107,93.527071
0.955464,63,93.658419
0.911648,105,93.885629
0.964163,48,93.994339
0.890979,149,94.320223
0.960864,57,94.432497
-1.144774,153,94.729891
-1.126603,152,95.332045
0.875687,140,95.619539
0.978025,34,95.684366
0.988049,21,95.727252
0.983461,29,95.782104
-1.094278,112,96.00109
-1.127318,123,96.243336
0.979352,32,96.307683
0.952269,62,96.430877
-1.104537,123,96.673059
0.990472,18,96.707966
0.996392,8,96.72492
0.982097,28,96.776303
-1.136232,153,97.072126
0.921196,121,97.350436
-1.096497,99,97.568114
-1.171213,160,97.888258
-1.156684,169,98.220898
-1.124054,189,98.642427
-1.113495,120,98.903947
0.97377,41,98.990239
-1.127672,132,99.266051
0.964202,51,99.378393
-1.102208,111,99.866647
0.822717,242,100.339602
0.927585,96,100.530068
0.964177,51,100.627807
-1.077774,101,100.816303
0.94797,66,100.941967
-1.119224,104,101.138441
-1.11403,120,101.36296
0.910356,115,101.578187
0.954935,59,101.686897
-1.41351,360,102.364464
0.945599,74,102.504744
0.972969,39,102.581539
0.958451,59,102.706731
0.963244,54,102.815706
0.935748,82,102.978865
0.949789,87,103.149102
-1.145008,148,103.428899
-1.161907,188,104.059043
0.979627,33,104.133
0.948013,84,104.309144
0.901192,130,104.579424
0.991385,16,104.614354
0.944099,73,104.765458
-1.146686,167,105.134517
0.944249,71,105.271337
-1.080729,103,105.471801
0.870953,150,105.758035
-1.113476,105,105.960088
-1.097204,113,106.174327
0.935796,90,106.343255
-1.187848,165,106.653929
0.932837,87,106.817575
0.963147,56,106.923291
0.938365,82,107.078876
0.973097,37,107.148289
0.943428,77,107.293899
0.985309,24,107.340314
0.93459,83,107.501881
0.994708,11,107.52434
-1.141767,170,107.845003
0.954045,69,108.221585
0.929495,93,108.432448
0.917445,109,108.635201
0.956161,65,108.75887
0.985088,26,108.810731
0.958001,67,108.947368
0.942488,86,109.123808
-1.14972,170,109.488916
-1.072553,98,109.690976
-1.104596,119,109.936336
0.940998,83,110.112863
0.919775,98,110.329075
0.991136,17,110.368969
0.918109,109,110.585625
-1.119165,119,110.814187
0.992392,15,110.842102
-1.176248,148,111.130596
0.884758,147,111.413396
-1.099104,110,111.634939
0.928113,105,111.845257
0.916247,106,112.058753
-1.102792,97,112.254271
0.968077,43,112.568099
0.926044,92,112.791106
0.990927,17,112.827531
0.952082,64,112.954192
0.890518,121,113.192082
0.91002,100,113.389143
0.896441,129,113.664944
0.966396,45,113.761244
0.919267,100,113.956489
0.949342,65,114.092221
0.911367,137,114.351807
0.907011,119,114.618996
0.890617,134,114.900387
-1.158266,197,115.321891
-1.080409,96,115.554732
-1.093592,101,115.805134
0.926105,93,116.00486
-1.078831,93,116.19292
0.971917,43,116.279001
0.961643,62,116.39868
0.933779,93,116.585569
0.951597,62,116.71076
-1.1141,139,117.233269
-1.152168,165,117.569502
-1.073775,114,117.80135
0.97588,35,117.88193
-1.208365,199,118.292689
0.982962,27,118.344346
0.933459,86,118.504755
0.972289,41,118.584201
0.942496,78,118.734798
0.941267,75,118.88925
-1.086628,93,119.089503
-1.132219,165,119.416225
0.97254,39,119.491025
0.941036,84,119.651595
-1.090621,98,119.837838
0.970696,41,119.91619
0.924825,117,120.160524
0.971813,40,120.243306
0.898604,112,120.476682
-1.070377,86,120.654712
0.936384,87,120.836394
-1.152226,145,121.136591
0.932714,92,121.566443
0.984722,26,121.628277
0.953185,72,121.777967
0.948901,72,121.91912
0.952664,59,122.03399
0.970008,43,122.117767
0.762827,298,122.68584
0.904996,122,122.916609
-1.720156,312,123.513132
-1.206445,193,123.878239
0.961455,57,123.98647
-1.101905,147,124.28451
0.953319,67,124.426122
-1.129171,150,124.710808
0.991117,17,124.742723
0.886945,138,125.016963
0.978683,34,125.084781
0.875805,163,125.391277
-1.07482,97,125.84069
0.920298,94,126.050795
0.969429,51,126.157447
-1.171114,188,126.539895
0.923169,87,126.73912
0.926679,120,126.981035
0.918566,129,127.229887
0.921439,82,127.388494
0.973482,37,127.461301
0.986283,23,127.504186
-1.091626,113,127.719614
-1.200777,254,128.196334
0.96951,54,128.300607
0.948103,90,128.468105
-1.133018,146,128.739381
0.950339,67,128.863744
0.969669,42,128.944525
-1.138108,149,129.224164
0.885965,139,129.496727
0.952427,77,129.652313
0.91868,124,130.135168
0.955364,66,130.268363
0.98564,26,130.317231
-1.133005,167,130.626611
0.885241,127,130.881559
0.993112,14,130.911479
0.908359,116,131.15782
0.988685,21,131.201707
0.9718,41,131.287477
0.986847,24,131.337344
-1.11709,152,131.658552
0.938266,90,131.843539
0.925958,104,132.091666
0.944238,76,132.236282
-1.198578,208,132.634013
-1.151984,179,132.974715
0.987436,22,133.016602
0.976068,36,133.086416
0.982191,28,133.142985
0.932592,87,133.311883
0.964876,59,133.420592
0.943274,85,133.581691
0.973284,43,133.66447
0.969003,44,133.747864
0.973988,44,133.829693
-1.125549,145,134.313476
0.924942,99,134.531852
0.938386,93,134.70771
0.922711,101,134.899721
-1.216666,253,135.415266
0.927003,84,135.579581
-1.078453,85,135.738628
0.828554,195,136.134966
0.906809,131,136.441731
0.979809,37,136.521518
0.950891,74,136.678609
0.923131,99,136.969851
0.909005,116,137.314616
0.909554,110,137.62987
0.959592,52,137.753545
-1.097003,141,138.099352
0.859742,163,138.489625
0.909272,120,138.779378
0.908633,107,139.274398
-1.065452,91,139.511763
0.926641,88,139.729285
0.947643,65,139.880116
0.930975,107,140.106537
0.955141,62,140.224524
0.912533,107,140.464457
0.91502,113,140.689987
0.93995,68,140.818643
0.948425,73,140.957793
-1.079201,123,141.198745
0.988359,21,141.240633
0.920011,99,141.441096
0.96806,52,141.546814
0.943622,85,141.706388
0.955301,62,141.82298
0.909158,112,142.031415
-1.068008,87,142.215808
0.941069,84,142.40746
-1.129788,178,142.794096
0.966462,50,142.900916
0.946069,78,143.066478
0.963062,54,143.19167
0.970082,42,143.283429
0.936107,90,143.527579
-1.115566,128,144.037728
-1.087554,131,144.291782
-1.132992,177,144.631885
0.956989,61,144.753563
0.957353,68,144.88981
0.949164,80,145.049385
0.983536,27,145.10602
0.924024,91,145.281333
0.981245,35,145.346161
0.929175,81,145.498752
-1.270563,214,145.924613
0.976915,38,146.001408
0.94382,69,146.13359
0.927455,118,146.35951
-1.097577,111,146.573483
0.95779,54,146.676208
0.978767,34,146.740038
0.959655,52,146.836779
0.925217,118,147.059185
-1.082689,91,147.231722
-1.105494,113,147.445153
0.982192,28,147.502998
0.953544,75,147.661242
-1.078954,96,148.089616
-1.144137,165,148.457356
-1.206137,220,148.941175
0.959591,61,149.058969
0.952936,57,149.169196
0.939085,80,149.325473
0.964688,49,149.419289
0.974506,38,149.494089
0.983326,28,149.548961
0.832751,200,149.938072
-1.079018,96,150.128562
-1.078508,111,150.337805
-1.199502,213,150.739084
0.922338,101,150.929472
-1.140516,180,151.294698
-1.11111,143,151.568166
-1.10534,113,151.784235
-1.181422,214,152.407397
-1.094182,127,152.667453
0.971574,45,152.753785
-1.221564,198,153.182554
0.953951,75,153.342885
0.95829,62,153.477925
-1.197855,142,153.77579
0.93339,94,153.967278
0.951352,70,154.127783
0.768705,275,154.694793
0.945468,69,154.82644
0.935951,82,154.998981
0.964727,56,155.117929
0.981655,30,155.176772
-1.306402,237,155.627567
0.985213,24,155.676436
0.964573,58,155.792127
-1.171774,211,156.212513
-1.092696,114,156.451392
0.854591,199,157.186636
-1.07097,97,157.418804
-1.263153,260,157.943185
0.979257,33,158.009008
0.952038,71,158.144474
-1.081131,92,158.317613
-1.081946,107,158.521753
-1.135949,156,158.85072
-1.158199,165,159.194325
-1.262517,222,159.659449
0.978245,33,159.737242
-1.194928,184,160.123168
0.949053,80,160.288249
0.9657,49,160.384653
-1.270044,280,160.918246
0.952154,78,161.280449
0.973667,37,161.365573
-1.10016,110,161.587639
-1.111455,124,161.823383
-1.601924,419,162.662646
0.967971,43,162.747518
-1.112648,156,163.045475
0.939873,88,163.216412
0.956708,56,163.324615
0.961803,64,163.445292
0.951587,64,163.566576
0.956891,64,163.686345
0.795931,256,164.210358
0.979965,30,164.273191
0.967948,44,164.363947
0.958451,58,164.483654
0.954372,59,164.607324
0.973877,39,164.689485
-1.122551,132,164.96575
0.991105,17,165.007638
0.92368,102,165.243121
-1.192581,250,165.982262
0.987307,23,166.027142
0.933355,93,166.205301
0.967395,45,166.2916
-1.099268,110,166.49609
0.977045,33,166.558923
-1.151125,189,166.914959
-1.193619,253,167.40471
0.942108,85,167.577249
0.98139,31,167.633099
0.931645,86,167.793412
-1.118047,128,168.035627
0.96353,51,168.132887
0.968286,54,168.235613
0.93358,85,168.393735
0.948243,88,168.558297
0.969454,46,168.64644
-1.113292,109,168.853443
0.927433,100,169.044449
0.960452,54,169.150324
-1.115315,140,169.44614
-1.174851,139,169.984534
0.900903,125,170.249825
-1.140467,126,170.546032
0.956644,58,170.659729
0.814295,194,171.025939
0.985794,27,171.0778
0.960268,66,171.201979
0.952896,66,171.331981
-1.196915,194,171.697678
0.961909,54,171.798929
0.955084,59,171.908461
0.907937,102,172.104935
0.898768,134,172.362248
-1.15701,134,172.623953
-1.141313,185,173.001828
-1.220971,178,173.345622
0.934007,94,173.521026
0.965999,54,173.623133
-1.110617,126,174.060174
0.939918,84,174.25565
0.95395,58,174.368349
0.985766,24,174.41622
-1.214275,262,174.946322
0.901216,97,175.152287
0.957103,58,175.270496
-1.137153,141,175.566792
-1.088207,126,175.853384
0.898927,115,176.08544
0.975247,35,176.154255
0.978787,32,176.217087
0.962752,56,176.326359
0.899826,122,176.562269
-1.138709,169,176.87977
-1.118349,115,177.096044
-1.090611,88,177.258967
0.955366,64,177.38416
0.920595,105,177.585153
0.909068,140,177.8441
0.990432,18,177.878295
0.922043,101,178.080026
0.96297,49,178.389456
0.924884,106,178.619354
0.996942,7,178.633317
-1.155595,167,178.94711
0.940315,83,179.11053
0.974365,49,179.203282
0.981991,32,179.265116
-1.17242,187,179.633475
-1.144646,185,180.006692
-1.131904,179,180.376177
0.987958,23,180.424049
-1.239722,208,180.859315
0.915002,96,181.062265
0.957058,58,181.201835
-1.127951,181,181.558442
0.855764,173,181.882478
0.933695,90,182.056015
0.965583,57,182.168391
0.912887,94,182.346435
-1.124398,144,182.869199
-1.2132,198,183.248845
0.864812,185,183.624861
-1.141914,171,183.948048
0.96972,42,184.026837
-1.099585,107,184.231237
-1.135729,168,184.564245
-1.178871,155,184.863713
-1.177289,170,185.206794
-1.187313,215,185.642058
0.970347,40,185.72484
0.95559,60,185.848509
0.940185,76,186.008356
0.91454,108,186.234883
-1.244887,254,186.780898
-1.222365,263,187.518992
0.922373,94,187.702501
-1.101837,131,187.956449
0.90659,124,188.201829
-1.175542,175,188.537266
0.887523,122,188.779694
0.949476,68,188.922708
0.963679,54,189.038266
-1.191432,201,189.426996
0.979032,30,189.485837
0.993706,13,189.510507
0.949589,80,189.666091
-1.098298,138,189.931243
-1.153302,183,190.283015
0.888371,154,190.56986
0.97143,42,190.650759
-1.096743,145,190.959555
-1.207029,208,191.659728
0.930201,111,191.902191
0.937294,80,192.085702
-1.131936,155,192.385788
-1.193799,208,192.811255
0.973508,39,192.889049
0.948517,77,193.03765
0.926336,94,193.219992
0.981582,33,193.28437
0.933319,84,193.44499
0.975366,41,193.523998
0.991662,16,193.555956
0.922013,120,193.785485
0.908058,124,194.023111
-1.073817,91,194.209848
-1.126457,172,194.551965
0.995923,9,194.570913
-1.26583,245,195.039679
0.938957,91,195.214776
-1.202625,195,195.823611
0.972426,38,195.896947
0.921763,110,196.111209
0.9392,73,196.270085
-1.099082,142,196.560555
-1.130437,152,196.874715
0.970719,53,196.987414
0.954177,76,197.147984
-1.130317,133,197.439603
-1.152202,147,197.734813
0.934602,85,197.895084
0.969134,43,197.97886
0.969834,44,198.062016
-1.194176,210,198.462552
-1.114493,138,198.721378
-1.180014,183,199.068896
0.979955,30,199.128736
0.957,61,199.244946
0.978547,33,199.307777
-1.175607,196,199.710204
-1.09339,125,200.184069
0.965559,50,200.279812
-1.202585,195,200.647865
0.964369,45,200.733636
0.937034,86,200.900222
0.958262,55,201.007934
0.883224,142,201.284111
-1.17936,167,201.607246
-1.229561,198,202.020652
0.975757,37,202.101969
0.954843,81,202.269522
-1.156408,135,202.554759
0.982438,30,202.617591
0.957367,69,202.770669
-1.078654,89,202.969137
0.944519,74,203.113751
0.960844,55,203.223025
-1.11192,138,203.489027
0.99402,12,203.51396
0.971976,39,203.592259
0.902576,109,203.803475
0.920432,100,203.993121
0.93836,108,204.434663
-1.10623,126,204.673204
0.874565,161,204.995857
0.892098,130,205.264737
0.914841,104,205.462788
-1.076335,91,205.636827
-1.250485,239,206.105352
0.938138,90,206.273571
0.952401,63,206.395289
0.953659,80,206.550418
-1.081496,85,206.714525
-1.198125,130,206.961391
-1.203955,213,207.400712
0.902395,113,207.631601
0.925416,102,207.84503
-1.075038,87,208.023553
0.979017,33,208.096863
-1.160022,144,208.641753
0.925431,95,208.850196
-1.134384,172,209.187549
-1.143992,176,209.52664
0.991108,18,209.561547
-1.263376,225,209.984656
-1.107976,113,210.208764
0.901652,128,210.477093
0.969976,41,210.555884
0.822234,200,210.93197
-1.209135,253,211.408526
-1.145578,165,211.726225
0.918044,135,211.980142
-1.11912,136,212.240447
0.91771,104,212.4521
0.974109,38,212.534879
0.938912,86,212.978772
-1.104219,141,213.287455
0.986819,23,213.334836
0.983241,28,213.39268
0.946746,65,213.532308
-1.126703,158,213.885366
-1.135175,152,214.181602
-1.118132,107,214.40371
0.974542,44,214.490002
-1.105132,161,214.804752
-1.338362,286,215.380558
0.925968,117,215.637692
-1.073616,91,215.826839
0.938717,81,215.984416
-1.073114,94,216.179999
-1.164984,183,216.534057
-1.173355,185,216.893618
0.972076,43,216.977393
-1.105086,132,217.499569
-1.11264,106,217.704024
-1.107192,141,217.983523
0.790736,195,218.389808
-1.282798,180,218.762856
-1.140235,183,219.154725
-1.0953,103,219.372258
-1.131446,153,219.670672
-1.210317,207,220.072978
0.859954,195,220.453361
0.948229,85,220.617123
0.963922,59,220.731816
-1.147484,179,221.088941
-1.133077,163,221.612823
0.962697,62,221.759964
0.963627,54,221.878646
0.927755,103,222.074676
0.966009,56,222.184921
0.985983,24,222.230798
0.947309,70,222.367433
-1.108659,155,222.667731
-1.148261,147,222.95057
0.949426,73,223.090751
0.969702,43,223.176522
0.96898,48,223.268859
0.976607,42,223.355144
0.975386,36,223.433203
0.970714,41,223.531939
0.972766,38,223.611726
0.87898,139,223.904114
0.930083,82,224.080657
-1.169965,190,224.499045
-1.171408,195,224.941838
-1.251142,254,225.456378
0.916476,99,225.658144
0.91588,129,226.135178
0.970704,41,226.248975
-1.111785,121,226.545183
0.983934,26,226.60203
0.987912,22,226.650903
-1.143302,175,227.02992
0.987244,23,227.079814
0.876944,158,227.407481
-1.267538,215,227.813475
-1.146499,127,228.069324
-1.22085,275,228.671571
0.952758,60,228.802463
-1.220027,233,229.287472
-1.160045,182,229.655902
0.92331,110,229.88121
0.959706,58,230.010147
0.985719,25,230.062021
0.880776,134,230.354104
-1.094954,117,230.854278
0.833024,165,231.179127
0.930407,88,231.350668
0.975415,35,231.418487
0.932485,85,231.598541
0.989546,19,231.636148
0.984997,25,231.686015
-1.103178,119,231.937049
-1.102864,111,232.16444
0.965067,51,232.280131
0.929659,86,232.453667
0.984942,26,232.506526
0.958091,52,232.619224
-1.11004,103,232.876315
0.980327,33,232.968822
0.929526,93,233.190362
0.950702,64,233.328661
-1.150934,174,233.712195
0.936875,89,233.890938
-1.233386,251,234.396401
0.948283,93,234.591475
0.920361,103,234.851804
0.956106,64,234.981585
-1.105917,111,235.531635
-1.091473,102,235.741582
0.982397,29,235.803459
-1.140351,163,236.157105
0.97233,39,236.247569
-1.08384,98,236.468483
-1.187795,246,236.948201
-1.081275,111,237.195539
0.996367,8,237.214489
-1.21592,262,237.773653
0.955993,63,237.919264
0.980089,31,237.991072
-1.134141,150,238.387894
0.899784,105,238.625814
0.984521,25,238.685207
0.935519,82,238.873219
-1.081522,100,239.113928
0.942815,99,239.352309
0.977264,41,239.439562
0.984624,26,239.492421
0.950856,64,239.623451
-1.123798,151,240.186943
0.918662,108,240.426505
-1.195281,221,240.968327
0.97074,38,241.052668
0.951025,65,241.210633
0.884242,127,241.574521
0.966018,54,241.745362
0.987905,22,241.801493
0.984342,27,241.861333
-1.118413,187,242.282155
0.984833,25,242.348373
0.989626,19,242.399237
0.871312,134,242.755318
0.972763,49,242.877988
0.968732,46,242.98477
0.970418,47,243.084503
0.96708,47,243.184034
0.97044,41,243.271334
0.967507,48,243.374886
0.95291,68,243.514513
-1.136821,149,243.81624
-1.154903,167,244.168601
-1.172708,149,244.554648
0.989651,19,244.625982
0.995832,9,244.6569
-1.150262,170,245.342566
-1.146221,176,245.747931
-1.258133,217,246.205956
0.978562,33,246.269786
0.977194,34,246.333643
0.996384,8,246.351565
0.985675,24,246.397445
0.947855,83,246.553138
0.973702,37,246.620958
-1.142875,181,246.960631
0.834479,201,247.335816
-1.287393,234,247.84758
0.83517,191,248.234548
0.973767,38,248.307354
-1.125361,129,248.549248
0.988448,21,248.58615
0.882703,131,248.822582
0.964809,46,248.904667
0.986865,24,248.948142
-1.147876,169,249.261618
-1.182848,199,249.828243
0.96619,60,249.936952
-1.112153,104,250.154371
0.946359,77,250.31148
-1.143741,157,250.59531
-1.114267,124,250.816402
-1.250718,237,251.236207
0.928445,92,251.401901
0.953289,62,251.516189
-1.096154,127,251.748245
0.807591,227,252.153022
-1.138061,153,252.428204
0.921567,92,252.599265
0.942863,82,252.753151
-1.146211,176,253.070717
0.948174,69,253.196813
-1.052476,81,253.581344
-1.08237,119,253.817736
0.908585,133,254.063228
0.924096,106,254.256775
0.945752,77,254.396646
-1.164015,154,254.691562
0.985489,25,254.737439
0.943759,83,254.893763
0.943773,75,255.036437
-1.100528,101,255.220109
-1.132302,156,255.495014
-1.19433,165,255.799214
-1.111195,101,255.981352
0.925396,100,256.16328
0.945726,73,256.295034
-1.237854,207,256.670547
0.944603,75,256.808188
0.988532,20,256.844068
0.930635,84,256.991833
-1.233236,256,257.651038
-1.124546,186,258.014503
0.899094,130,258.258275
-1.112301,122,258.505451
0.896154,136,258.775245
0.964862,52,258.872985
0.950448,75,259.009125
-1.063276,89,259.167328
-1.089309,105,259.383343
0.972437,38,259.454049
0.91568,112,259.658542
0.96649,45,259.743316
0.916139,104,259.93316
0.973012,39,260.005194
0.945149,84,260.194823
-1.084186,90,260.390569
0.966164,48,260.483903
0.982412,30,260.545505
-1.100787,115,260.773253
-1.388823,354,261.495949
0.996439,8,261.717224
-1.145459,152,262.033215
0.968981,57,262.142599
0.962543,51,262.239343
0.9273,106,262.439234
0.975619,35,262.502066
0.953321,76,262.649994
0.974515,38,262.724104
0.910243,121,262.973395
0.944595,68,263.103902
0.955532,65,263.229084
-1.067892,89,263.407865
-1.214272,205,263.812842
-1.16975,168,264.158772
0.894968,129,264.407139
0.947995,67,264.537726
0.996387,8,264.553684
-1.113537,113,264.769109
0.994027,12,264.793046
-1.265944,229,265.225573
-1.207206,170,265.548708
-1.367756,242,266.212996
-1.095304,136,266.470063
0.915424,104,266.66554
0.977877,35,266.73336
0.966125,53,266.832096
-1.1351,133,267.091839
0.974347,40,267.168141
0.943762,78,267.316288
-1.141059,156,267.607495
-1.102658,151,267.892089
-1.239377,191,268.260478
-1.084385,93,268.434217
-1.086823,113,268.647863
0.992187,15,268.675788
0.979729,32,268.739733
0.991378,17,268.773642
-1.196005,206,269.205308
-1.123362,161,269.638332
0.952795,61,269.813899
0.992892,14,269.855792
0.961135,52,270.004417
0.986609,23,270.080214
0.986368,25,270.155014
0.864737,177,271.070527
0.970214,49,271.210647
-1.136584,135,271.545548
-1.138929,178,271.898115
-1.241112,248,272.398331
-1.102319,125,272.630034
0.991213,17,272.662834
-1.162335,154,272.944904
-1.142555,174,273.276186
0.947746,65,273.395343
-1.285215,189,273.743457
-1.241157,209,274.130995
-1.137494,196,274.490073
0.963312,46,274.575844
0.949698,62,274.692821
0.970079,52,275.001174
0.964843,60,275.131111
0.916198,120,275.368989
0.927994,91,275.547142
0.973774,38,275.631899
-1.194957,194,276.021052
0.96561,46,276.114719
-1.106219,129,276.371506
0.960032,56,276.472237
-1.111989,165,276.766824
-1.213175,206,277.13642
-1.116712,112,277.36837
0.925735,113,277.572826
0.898075,136,277.815743
0.971483,43,277.894792
0.962947,50,277.984552
-1.121378,124,278.208745
0.904574,98,278.388194
0.975773,35,278.452026
0.902237,101,278.632548
-1.071332,87,278.788131
0.81725,209,279.369833
0.973704,41,279.443636
-1.12365,150,279.712101
-1.076697,93,279.878771
0.942516,75,280.014309
-1.131177,161,280.322251
-1.359315,301,280.861516
0.911488,115,281.06864
0.971938,45,281.150425
0.984387,27,281.200294
0.974103,36,281.266117
0.977644,33,281.325956
0.945547,83,281.475559
0.96294,49,281.563721
-1.162341,181,281.884615
-1.151566,176,282.198986
0.931995,106,282.391978
0.974523,45,282.472767
0.972876,45,282.553991
-1.183055,174,283.151146
-1.215352,216,283.545896
0.940955,75,283.6808
-1.138168,154,283.955997
-1.130457,128,284.185893
-1.142113,162,284.470026
0.910467,108,284.660959
0.949427,63,284.774756
-1.132473,157,285.053014
0.95257,63,285.169329
-1.216888,228,285.591181
-1.22839,203,285.955701
0.947195,66,286.07518
0.981759,31,286.132147
0.911454,111,286.329614
0.888763,117,286.540051
-1.07643,92,286.890761
0.95582,62,287.020426
0.938283,77,287.167038
0.949267,68,287.28899
-1.093788,94,287.45636
-1.160966,177,287.774513
-1.09957,103,287.960017
-1.320543,219,288.355278
0.813118,195,288.708092
-1.152212,189,289.045472
-1.145609,195,289.392968
-1.111754,146,289.653696
0.899971,127,289.879499
0.939286,73,290.010787
0.974056,38,290.079135
-1.153937,197,290.431263
-1.333239,257,291.095225
-1.692352,434,291.889875
0.929532,88,292.049459
0.988125,21,292.088356
-1.109776,153,292.362732
-1.153019,197,292.713235
0.95894,59,292.819949
0.920586,115,293.026505
0.933285,78,293.167756
-1.347068,284,293.675437
-1.116381,128,293.906258
-1.097032,105,294.097048
-1.154235,120,294.310332
-1.219408,263,294.987177
0.941012,76,295.125837
0.991551,16,295.155733
0.97771,33,295.213578
0.944649,72,295.344003
0.99415,12,295.365946
0.948312,77,295.502801
0.987306,23,295.544714
-1.083498,113,295.746842
-1.141676,148,296.011935
-1.191105,200,296.383903
-1.095963,118,296.592856
-1.166909,180,296.915024
0.969526,45,296.995777
-1.094925,128,297.224442
-1.089497,99,297.400921
-1.114288,119,297.615692
-1.162797,166,297.913013
-1.373613,295,298.627651
0.909113,107,298.833067
0.871606,136,299.076689
0.963295,51,299.168913
0.922471,112,299.370887
-1.229715,293,299.89467
0.909627,121,300.124288
0.896527,129,300.355215
-1.066795,89,300.514788
-1.377688,332,301.107548
0.929929,76,301.24367
-1.15895,175,301.567698
0.857556,150,301.838579
-1.088818,93,302.006389
0.94898,68,302.130588
0.96418,48,302.217736
-1.207683,170,302.741883
0.935922,77,302.880332
0.976183,35,302.943163
0.939224,79,303.085837
0.950871,67,303.207195
-1.188024,183,303.533448
0.954228,67,303.655229
0.971013,53,303.751975
-1.090101,99,303.929783
0.754774,240,304.360013
-1.207616,237,304.785402
-1.123504,107,304.97623
0.926537,94,305.146672
-1.213767,190,305.492976
0.990786,18,305.525892
0.991508,17,305.556809
0.976918,34,305.617323
0.937376,87,305.772398
0.963073,54,305.869621
0.939924,75,306.003401
0.995323,10,306.021507
0.92646,106,306.408459
0.949454,63,306.5421
0.974463,42,306.618828
-1.137357,158,306.913954
0.948228,73,307.047935
-1.147288,158,307.333745
0.994763,11,307.35469
0.983381,27,307.404557
-1.134181,184,307.734343
-1.132668,129,307.962631
0.956807,62,308.073287
0.983182,27,308.124141
0.992327,15,308.153069
0.953664,59,308.258007
-1.073718,104,308.444412
-1.109778,119,308.654985
0.954492,69,308.779501
-1.140677,191,309.128951
0.940776,74,309.260598
0.953291,61,309.370368
-1.154925,180,309.691558
0.913949,104,309.877229
0.979325,30,309.931358
0.97098,45,310.01373
0.937415,99,310.401635
-1.126664,127,310.637828
-1.097815,112,310.836297
0.97351,38,310.903771
0.965736,49,310.992768
0.972527,44,311.071478
0.922762,95,311.247519
-1.122102,130,311.49052
0.966137,53,311.629657
0.916353,113,311.830543
-1.162293,181,312.163972
-1.091516,109,312.366078
-1.063637,93,312.551694
-1.167436,188,312.888457
-1.376312,242,313.322795
0.973508,39,313.393103
-1.132829,157,313.674551
0.991605,16,313.703473
-1.132107,157,314.014314
-1.096339,100,314.404671
0.963712,56,314.514377
0.959282,63,314.625409
0.986705,25,314.669333
0.970136,40,314.739649
0.958534,60,314.845391
0.953875,62,314.956662
0.952657,65,315.070825
-1.166777,193,315.415536
-1.180898,215,315.793254
-1.153285,208,316.158532
-1.1865,160,316.441416
-1.124576,113,316.643193
0.912345,123,316.881564
0.841149,215,317.288655
0.99134,17,317.324561
0.957714,62,317.45521
0.942986,76,317.606266
-1.060619,82,317.757603
0.945506,70,317.886344
0.932018,77,318.032801
0.943773,74,318.414383
