#{"t_start": 1686129074.29455, "env_id": null}
r,l,t
-0.9962,39,0.223608
-0.9968,33,0.340749
-0.9972,29,0.437998
-0.995,51,0.618027
-0.9952,49,0.782903
-0.9952,49,0.942285
-0.9963,38,1.081598
-0.9909,92,1.382792
-0.9969,32,1.48833
-0.9931,70,1.715791
-0.9966,35,1.831269
-0.9972,29,1.926186
-0.997,31,2.02817
-0.9959,42,2.165874
-0.9926,75,2.410804
-0.9969,32,2.516366
-0.9957,44,2.661467
-0.9974,27,2.753686
-0.9973,28,2.847368
-0.9961,40,2.979467
-0.9963,38,3.102417
-0.9959,42,3.23851
-0.9958,43,3.380778
-0.9972,29,3.478647
-0.9953,48,3.649247
-0.9969,32,3.753931
-0.9967,34,3.862324
-0.9958,43,4.003669
-0.9964,37,4.123458
-0.9961,40,4.254898
-0.9968,33,4.363134
-0.9969,32,4.471635
-0.9966,35,4.592921
-0.9928,73,4.837848
-0.994,61,5.038118
-0.9937,64,5.250353
-0.9967,34,5.374708
-0.9977,24,5.467295
-0.9945,56,5.677995
-0.9965,36,5.807928
-0.996,41,5.963804
-0.9974,27,6.0624
-0.9968,33,6.181488
-0.9965,36,6.303751
-0.9943,58,6.554
-0.9974,27,6.674736
-0.9973,28,6.779553
-0.9958,43,6.928946
-0.9947,54,7.11183
-0.9962,39,7.624111
-0.9958,43,7.788576
-0.9961,40,7.987865
-0.9937,64,8.225831
-0.9954,47,8.402329
-0.9932,69,8.657106
-0.9962,39,8.803473
-0.9964,37,8.946584
-0.9945,56,9.150648
-0.9968,33,9.271815
-0.9966,35,9.400637
-0.9963,38,9.536993
-0.9977,24,9.624691
-0.9969,32,9.740503
-0.995,51,9.924104
-0.9955,46,10.088965
-0.9966,35,10.216513
-0.996,41,10.380863
-0.995,51,10.567269
-0.9937,64,10.799449
-0.9939,62,11.02147
-0.9963,38,11.155896
-0.9964,37,11.32715
-0.9961,40,11.48494
-0.9943,58,11.692204
-0.9968,33,11.814268
-0.9904,97,12.162101
-0.9972,29,12.266956
-0.9973,28,12.367914
-0.9969,32,12.485508
-0.9946,55,12.688025
-0.9963,38,12.825271
-0.9952,49,13.002961
-0.9928,73,13.263502
-0.9952,49,13.441381
-0.9921,80,13.727648
-0.9938,63,13.954348
-0.997,31,14.067862
-0.9958,43,14.222897
-0.9933,68,14.467569
-0.9934,67,14.709756
-0.9961,40,14.85454
-0.995,51,15.038873
-0.996,41,15.404429
-0.9969,32,15.52321
-0.9967,34,15.645167
-0.9969,32,15.763698
-0.9973,28,15.865581
-0.9947,54,16.059247
-0.997,31,16.178407
-0.9937,64,16.41532
-0.9974,27,16.516808
-0.9917,84,16.822461
-0.9966,35,16.94906
-0.9938,63,17.170538
-0.9918,83,17.487781
-0.9968,33,17.607463
-0.9962,39,17.749276
-0.9972,29,17.85615
-0.9973,28,17.957808
-0.996,41,18.107212
-0.9972,29,18.21219
-0.9959,42,18.363147
-0.9958,43,18.51816
-0.9974,27,18.616037
-0.9962,39,18.758228
-0.9954,47,18.930458
-0.9954,47,19.101297
-0.9972,29,19.204987
-0.9958,43,19.357971
-0.9959,42,19.514785
-0.996,41,19.659289
-0.9926,75,19.931527
-0.9969,32,20.04559
-0.9956,45,20.205959
-0.9971,30,20.314322
-0.9953,48,20.490447
-0.9964,37,20.634513
-0.9962,39,20.777052
-0.9911,90,21.099921
-0.9955,46,21.267563
-0.9939,62,21.487599
-0.9882,119,21.91474
-0.9973,28,22.01432
-0.995,51,22.200605
-0.9952,49,22.390171
-0.9946,55,22.597108
-0.9951,50,23.023124
-0.9964,37,23.201758
-0.9953,48,23.440334
-0.9968,33,23.595059
-0.9966,35,23.765171
-0.9965,36,23.934667
-0.9954,47,24.128423
-0.9965,36,24.285542
-0.9968,33,24.425783
-0.9948,53,24.666889
-0.9932,69,24.978223
-0.9922,79,25.271388
-0.9956,45,25.438238
-0.9911,90,25.772088
-0.9967,34,25.898421
-0.9974,27,26.000861
-0.9911,90,26.336341
-0.9927,74,26.612206
-0.9969,32,26.735747
-0.9966,35,26.867986
-0.9959,42,27.036606
-0.993,71,27.309581
-0.995,51,27.503461
-0.9969,32,27.620246
-0.9966,35,27.749968
-0.9957,44,27.917895
-0.9966,35,28.051294
-0.9938,63,28.330451
-0.9922,79,28.624188
-0.9962,39,28.769319
-0.9949,52,28.969284
-0.9951,50,29.159428
-0.9945,56,29.377343
-0.9966,35,29.522805
-0.9962,39,29.683932
-0.9955,46,29.872216
-0.9962,39,30.022225
-0.9973,28,30.128751
-0.9907,94,30.530865
-0.9924,77,30.81553
-0.996,41,30.972722
-0.996,41,31.129366
-0.9957,44,31.570272
-0.9966,35,31.701979
-0.9937,64,31.940467
-0.9933,68,32.192031
-0.9945,56,32.427803
-0.9923,78,32.744695
-0.9971,30,32.868134
-0.9945,56,33.102071
-0.9942,59,33.319886
-0.9953,48,33.503519
-0.9962,39,33.654901
-0.9965,36,33.79689
-0.9939,62,34.028117
-0.9905,96,34.386092
-0.9942,59,34.610176
-0.994,61,34.832133
-0.9923,78,35.119518
-0.9934,67,35.370874
-0.9957,44,35.535878
-0.9962,39,35.685351
-0.9937,64,35.946206
-0.993,71,36.217416
-0.9927,74,36.72299
-0.9944,57,37.320808
-0.9958,43,37.48195
-0.9962,39,37.6237
-0.9968,33,37.745528
-0.9937,64,37.975996
-0.9966,35,38.103357
-0.9961,40,38.253265
-0.9946,55,38.462741
-0.9964,37,38.613875
-0.9972,29,38.72148
-0.9969,32,38.839244
-0.997,31,38.957921
-0.995,51,39.154069
-0.9962,39,39.298208
-0.9945,56,39.503661
-0.9941,60,39.721237
-0.9944,57,40.152072
-0.987,131,40.629682
-0.9931,70,40.884574
-0.9917,84,41.199367
-0.9897,104,41.603827
-0.9963,38,41.742351
-0.9842,159,42.313572
-0.9946,55,42.562052
-0.9972,29,42.714525
-0.9948,53,42.904309
-0.9937,64,43.140348
-0.9967,34,43.264032
-0.9979,22,43.343495
-0.9951,50,43.535453
-0.9958,43,43.690032
-0.9971,30,43.798328
-0.9964,37,43.932761
-0.9953,48,44.103434
-0.9953,48,44.27401
-0.997,31,44.385236
-0.997,31,44.498678
-0.9952,49,44.677225
-0.9948,53,44.868908
-0.9973,28,44.971772
-0.9942,59,45.184456
-0.9966,35,45.308586
-0.9948,53,45.502577
-0.9912,89,45.822163
-0.9969,32,45.941983
-0.9941,60,46.158574
-0.9953,48,46.330484
-0.9961,40,46.474781
-0.9949,52,46.662461
-0.9904,97,47.014696
-0.9961,40,47.155468
-0.9964,37,47.289818
-0.9962,39,47.432881
-0.992,81,47.950283
-0.9962,39,48.090199
-0.9915,86,48.397588
-0.9915,86,48.719531
-0.9978,23,48.810777
-0.9965,36,48.939844
-0.9954,47,49.157357
-0.9945,56,49.357907
-0.9962,39,49.500778
-0.9975,26,49.596296
-0.9867,134,50.074405
-0.9958,43,50.230824
-0.9929,72,50.489158
-0.9974,27,50.585475
-0.9972,29,50.692599
-0.9955,46,50.860451
-0.9972,29,50.964219
-0.9944,57,51.169462
-0.9898,103,51.536038
-0.9938,63,51.764048
-0.9922,79,52.050318
-0.9947,54,52.244314
-0.9957,44,52.407525
-0.9911,90,52.736755
-0.9923,78,53.01693
-0.9963,38,53.152321
-0.9954,47,53.3203
-0.9941,60,53.535955
-0.9967,34,53.660106
-0.9957,44,53.822027
-0.9955,46,53.988731
-0.9971,30,54.096338
-0.9947,54,54.287991
-0.998,21,54.366535
-0.9789,212,55.133527
-0.9969,32,55.250851
-0.993,71,55.733524
-0.9968,33,55.851715
-0.9872,129,56.318391
-0.9923,78,56.622373
-0.9942,59,56.847554
-0.9887,114,57.256252
-0.995,51,57.439087
-0.992,81,57.741612
-0.9974,27,57.841235
-0.993,71,58.095796
-0.9962,39,58.238159
-0.9925,76,58.551516
-0.996,41,58.794548
-0.9937,64,59.02631
-0.9965,36,59.157197
-0.9923,78,59.43834
-0.9911,90,59.771678
-0.9942,59,59.987709
-0.9964,37,60.122623
-0.9942,59,60.334139
-0.9975,26,60.425532
-0.9959,42,60.579687
-0.9953,48,60.758222
-0.995,51,60.943401
-0.9929,72,61.202121
-0.989,111,61.600699
-0.9918,83,61.901302
-0.9969,32,62.01798
-0.9907,94,62.352984
-0.9957,44,62.516058
-0.9968,33,62.635492
-0.9966,35,62.764093
-0.9957,44,62.922854
-0.9974,27,63.021219
-0.9972,29,63.125597
-0.992,81,63.638394
-0.9957,44,63.800292
-0.9938,63,64.025899
-0.9963,38,64.162669
-0.9905,96,64.521349
-0.9954,47,64.694875
-0.9976,25,64.785339
-0.9965,36,64.916419
-0.9975,26,65.008675
-0.9943,58,65.217408
-0.9927,74,65.483156
-0.9966,35,65.61029
-0.996,41,65.756895
-0.9855,146,66.431891
-0.9971,30,66.54212
-0.9954,47,66.736588
-0.9951,50,66.921418
-0.9961,40,67.065031
-0.9968,33,67.183483
-0.9913,88,67.560187
-0.9936,65,67.793954
-0.9892,109,68.212381
-0.9968,33,68.335499
-0.9933,68,68.588181
-0.9943,58,68.798906
-0.9906,95,69.138796
-0.9961,40,69.283628
-0.993,71,69.53941
-0.9914,87,69.851598
-0.9897,104,70.22464
-0.9952,49,70.401217
-0.9965,36,70.534069
-0.9975,26,70.627407
-0.9905,96,70.976108
-0.9906,95,71.534224
-0.995,51,71.718475
-0.9946,55,71.917874
-0.9942,59,72.13561
-0.9904,97,72.487377
-0.9933,68,72.733209
-0.9913,88,73.067196
-0.996,41,73.214053
-0.9896,105,73.589988
-0.9936,65,73.822279
-0.9941,60,74.038016
-0.9937,64,74.27134
-0.9959,42,74.422742
-0.9958,43,74.578474
-0.9958,43,74.737684
-0.9972,29,74.843833
-0.9928,73,75.105174
-0.9957,44,75.266293
-0.9961,40,75.41024
-0.9924,77,75.687265
-0.9975,26,75.782731
-0.992,81,76.07224
-0.9904,97,76.420877
-0.997,31,76.533911
-0.9972,29,76.638381
-0.9929,72,76.901678
-0.997,31,77.0135
-0.9918,83,77.309201
-0.9967,34,77.430864
-0.9954,47,77.600689
-0.9942,59,77.812162
-0.9856,145,78.328317
-0.9962,39,78.469935
-0.995,51,78.87389
-0.9915,86,79.188891
-0.9943,58,79.400142
-0.9973,28,79.502753
-0.9918,83,79.817187
-0.9935,66,80.051862
-0.9939,62,80.273504
-0.9906,95,80.614422
-0.9965,36,80.746469
-0.9968,33,80.866285
-0.9953,48,81.037599
-0.9937,64,81.268412
-0.9945,56,81.480474
-0.9943,58,81.687375
-0.9926,75,81.958811
-0.9951,50,82.141957
-0.9924,77,82.416475
-0.9961,40,82.568472
-0.9959,42,82.746977
-0.9906,95,83.14196
-0.996,41,83.296718
-0.9946,55,83.502377
-0.9972,29,83.610204
-0.9927,74,83.884269
-0.9875,126,84.350136
-0.9949,52,84.542338
-0.995,51,84.733302
-0.9941,60,84.948793
-0.9909,92,85.282309
-0.9926,75,85.553324
-0.9948,53,85.746949
-0.994,61,85.966126
-0.9965,36,86.141803
-0.9963,38,86.281517
-0.9951,50,86.459576
-0.9939,62,86.918981
-0.9976,25,87.009373
-0.9968,33,87.130613
-0.9974,27,87.229069
-0.9854,147,87.787045
-0.9966,35,87.930284
-0.9811,190,88.807143
-0.9934,67,89.049401
-0.9949,52,89.251401
-0.9913,88,89.554236
-0.9968,33,89.668349
-0.9956,45,89.81826
-0.9954,47,89.989027
-0.9946,55,90.200422
-0.9955,46,90.375444
-0.9924,77,90.660805
-0.9969,32,90.769357
-0.9914,87,91.056131
-0.9959,42,91.203235
-0.9951,50,91.396799
-0.9926,75,91.683605
-0.9956,45,91.853803
-0.9919,82,92.136878
-0.9921,80,92.405663
-0.9907,94,92.762401
-0.9972,29,92.860743
-0.9911,90,93.167865
-0.9928,73,93.413467
-0.9971,30,93.515871
-0.996,41,93.669268
-0.9947,54,93.878604
-0.9875,126,94.539531
-0.9964,37,94.664545
-0.997,31,94.769825
-0.9943,58,94.962164
-0.9975,26,95.051037
-0.9949,52,95.235989
-0.994,61,95.48098
-0.9958,43,95.623117
-0.9888,113,96.009179
-0.9944,57,96.227906
-0.9941,60,96.427398
-0.9901,100,97.177584
-0.9923,78,97.452679
-0.9976,25,97.543973
-0.9908,93,97.900945
-0.9929,72,98.168839
-0.9974,27,98.265157
-0.9947,54,98.451592
-0.9944,57,98.665237
-0.9935,66,98.915403
-0.9974,27,99.008497
-0.9966,35,99.142665
-0.9964,37,99.271672
-0.9935,66,99.499421
-0.9967,34,99.631685
-0.9928,73,99.893882
-0.9972,29,99.989129
-0.9973,28,100.083719
-0.9955,46,100.233123
-0.995,51,100.401645
-0.9975,26,100.511083
-0.9938,63,100.744122
-0.9859,142,101.252738
-0.9907,94,101.578039
-0.9978,23,101.657438
-0.989,111,102.05346
-0.9972,29,102.154739
-0.9936,65,102.577116
-0.9951,50,102.746601
-0.9945,56,102.932215
-0.9965,36,103.054241
-0.9956,45,103.208007
-0.9936,65,103.513412
-0.9952,49,103.683065
-0.9951,50,103.852033
-0.9979,22,103.924218
-0.9971,30,104.025826
-0.9906,95,104.340898
-0.9962,39,104.469873
-0.9973,28,104.562095
-0.9923,78,104.819091
-0.9918,83,105.096848
-0.9922,79,105.354257
-0.9956,45,105.503897
-0.9955,46,105.655276
-0.9946,55,105.83889
-0.9963,38,105.963789
-0.9949,52,106.135508
-0.9974,27,106.225128
-0.9934,67,106.445283
-0.9973,28,106.542309
-0.9925,76,106.791997
-0.9918,83,107.064628
-0.9971,30,107.162342
-0.9929,72,107.397178
-0.9949,52,107.566143
-0.9926,75,107.811296
-0.9975,26,107.898733
-0.9969,32,108.003915
-0.9974,27,108.091486
-0.9917,84,108.363028
-0.9933,68,108.588032
-0.9976,25,108.671706
-0.9956,45,108.819253
-0.9934,67,109.044082
-0.9943,58,109.234922
-0.9978,23,109.519892
-0.9966,35,109.635682
-0.9901,100,109.963397
-0.9974,27,110.052728
-0.9922,79,110.31092
-0.9968,33,110.432731
-0.9926,75,110.688192
-0.9973,28,110.796139
-0.9965,36,110.927433
-0.997,31,111.032958
-0.9976,25,111.117246
-0.9831,170,111.669305
-0.9912,89,111.963647
-0.9972,29,112.060018
-0.9699,302,113.046046
-0.9897,104,113.388775
-0.9977,24,113.46851
-0.9937,64,113.709394
-0.9906,95,114.022007
-0.9949,52,114.194021
-0.9968,33,114.302589
-0.9941,60,114.499559
-0.9934,67,114.723687
-0.9971,30,114.822986
-0.996,41,114.9588
-0.9919,82,115.228676
-0.9972,29,115.323795
-0.9948,53,115.50095
-0.9913,88,115.786518
-0.9961,40,115.916372
-0.9924,77,116.168517
-0.9938,63,116.57972
-0.9935,66,116.803785
-0.9947,54,116.984323
-0.9943,58,117.170178
-0.9895,106,117.559346
-0.9964,37,117.693252
-0.9951,50,117.873853
-0.9973,28,117.963246
-0.99,101,118.310403
-0.9977,24,118.512741
-0.9893,108,119.07829
-0.997,31,119.259389
-0.9963,38,119.400797
-0.9937,64,119.639665
-0.9963,38,119.781929
-0.9974,27,119.882307
-0.9925,76,120.161509
-0.9959,42,120.314819
-0.9908,93,120.653725
-0.9967,34,120.784301
-0.9911,90,121.107522
-0.9954,47,121.276956
-0.9954,47,121.449023
-0.9972,29,121.554933
-0.9964,37,121.689181
-0.9962,39,121.831014
-0.9956,45,121.993935
-0.997,31,122.14123
-0.9892,109,122.533145
-0.9936,65,122.767802
-0.9971,30,122.874492
-0.9923,78,123.189128
-0.9938,63,123.435512
-0.9831,170,124.132956
-0.9957,44,124.289723
-0.9891,110,125.008118
-0.9925,76,125.333836
-0.997,31,125.492366
-0.9926,75,125.84746
-0.9931,70,126.093183
-0.9943,58,126.299397
-0.994,61,126.507272
-0.9925,76,126.764087
-0.9913,88,127.272717
-0.9963,38,127.424425
-0.9976,25,127.525527
-0.9939,62,127.76519
-0.9967,34,127.886491
-0.9961,40,128.026607
-0.9951,50,128.206035
-0.9948,53,128.393315
-0.996,41,128.540143
-0.9918,83,128.974778
-0.9871,130,129.422835
-0.9924,77,129.888661
-0.9903,98,130.288287
-0.9905,96,130.690258
-0.9975,26,130.801438
-0.997,31,130.98163
-0.9952,49,131.290561
-0.9925,76,131.630925
-0.9967,34,131.74626
-0.9945,56,131.953658
-0.9937,64,132.166261
-0.9917,84,132.455946
-0.9968,33,132.57219
-0.9915,86,132.880602
-0.9967,34,133.00454
-0.9945,56,133.498726
-0.9927,74,133.741722
-0.9838,163,134.279401
-0.9962,39,134.409842
-0.9923,78,134.661103
-0.9919,82,134.92957
-0.9973,28,135.023112
-0.993,71,135.252987
-0.9892,109,135.622351
-0.995,51,135.803504
-0.9916,85,136.104291
-0.9962,39,136.237017
-0.991,91,136.580945
-0.9975,26,136.682448
-0.9947,54,136.886623
-0.9946,55,137.086488
-0.99,101,137.447313
-0.9898,103,137.81643
-0.996,41,137.96182
-0.9955,46,138.125676
-0.9971,30,138.230193
-0.9851,150,138.727744
-0.9973,28,138.818328
-0.9938,63,139.030291
-0.9913,88,139.327814
-0.9962,39,139.46264
-0.9935,66,139.684849
-0.9952,49,139.849089
-0.996,41,139.993897
-0.9916,85,140.633853
-0.9935,66,141.103763
-0.9944,57,141.301407
-0.9951,50,141.468867
-0.9932,69,141.691634
-0.9941,60,141.894706
-0.9961,40,142.032257
-0.9935,66,142.249059
-0.9947,54,142.424196
-0.994,61,142.624606
-0.9928,73,142.869129
-0.9941,60,143.065506
-0.99,101,143.493666
-0.9912,89,143.913463
-0.9905,96,144.255096
-0.9955,46,144.432793
-0.9908,93,144.826511
-0.9942,59,145.083249
-0.9977,24,145.174985
-0.9974,27,145.283405
-0.9852,149,145.819574
-0.9929,72,146.056169
-0.9935,66,146.299773
-0.9923,78,146.561518
-0.9962,39,146.715326
-0.997,31,146.814751
-0.9904,97,147.179413
-0.9951,50,147.370834
-0.9913,88,147.670441
-0.9953,48,147.834879
-0.9969,32,147.94352
-0.9911,90,148.237867
-0.9941,60,148.436417
-0.9943,58,148.852174
-0.9928,73,149.201788
-0.9971,30,149.319178
-0.9911,90,149.725697
-0.9936,65,149.957572
-0.9893,108,150.364272
-0.996,41,150.531149
-0.9901,100,150.901978
-0.9978,23,150.986093
-0.9954,47,151.160216
-0.9853,148,151.705707
-0.9958,43,151.860405
-0.9974,27,151.957954
-0.9953,48,152.13216
-0.994,61,152.353474
-0.9951,50,152.534128
-0.9865,136,153.031766
-0.9946,55,153.235785
-0.9959,42,153.390566
-0.9932,69,153.651531
-0.9914,87,153.999505
-0.9908,93,154.370895
-0.9866,135,154.941126
-0.9975,26,155.063204
-0.9972,29,155.191443
-0.9916,85,155.529129
-0.9802,199,156.271931
-0.9942,59,156.687695
-0.993,71,157.483572
-0.9975,26,157.843615
-0.9903,98,158.766645
-0.994,61,159.567798
-0.9913,88,160.191867
-0.997,31,160.338568
-0.9971,30,160.472336
-0.9943,58,160.726439
-0.986,141,161.333537
-0.9939,62,161.640293
-0.9937,64,162.055722
-0.9954,47,162.234409
-0.997,31,162.346399
-0.9969,32,162.466842
-0.9966,35,162.595517
-0.9875,126,163.055554
-0.9955,46,163.220638
-0.9969,32,163.335908
-0.9956,45,163.505375
-0.9845,156,164.067751
-0.9956,45,164.229512
-0.9076,925,167.933507
-0.9912,89,168.264261
-0.9965,36,168.393701
-0.9932,69,168.6451
-0.9971,30,168.759323
-0.9888,113,169.166729
-0.9957,44,169.324687
-0.9972,29,169.431332
-0.9926,75,169.711683
-0.9957,44,169.86954
-0.993,71,170.123322
-0.9923,78,170.404601
-0.9925,76,170.678933
-0.9957,44,170.83778
-0.9923,78,171.118546
-0.9962,39,171.260384
-0.9957,44,171.419719
-0.997,31,171.53668
-0.9925,76,171.820633
-0.9947,54,172.016586
-0.9887,114,172.422823
-0.995,51,172.609034
-0.9968,33,172.735629
-0.9918,83,173.030321
-0.9921,80,173.31546
-0.9931,70,173.576969
-0.997,31,173.706356
-0.9933,68,173.950989
-0.9901,100,174.306762
-0.9975,26,174.401725
-0.9956,45,174.562671
-0.9927,74,175.047399
-0.9957,44,175.205599
-0.9957,44,175.364072
-0.9917,84,175.670209
-0.9972,29,175.778345
-0.9961,40,175.937858
-0.9935,66,176.205046
-0.9934,67,176.559868
-0.9978,23,176.659661
-0.992,81,177.005564
-0.9977,24,177.107097
-0.9951,50,177.318457
-0.994,61,177.576734
-0.9963,38,177.745181
-0.9961,40,177.935075
-0.9971,30,178.067032
-0.9915,86,178.430267
-0.9948,53,178.652486
-0.9971,30,178.785257
-0.9978,23,178.881186
-0.994,61,179.136726
-0.9939,62,179.384398
-0.9929,72,179.653172
-0.9913,88,179.976719
-0.9914,87,180.289119
-0.9964,37,180.422151
-0.9936,65,180.667262
-0.9959,42,180.823492
-0.9966,35,180.949486
-0.9948,53,181.141355
-0.9959,42,181.294627
-0.9941,60,181.515562
-0.9975,26,181.611488
-0.9944,57,181.823811
-0.9932,69,182.079473
-0.9957,44,182.241878
-0.9901,100,182.611756
-0.9964,37,182.754828
-0.9938,63,182.99237
-0.9931,70,183.47617
-0.9942,59,183.687609
-0.9925,76,183.961466
-0.9976,25,184.053218
-0.9968,33,184.183416
-0.9949,52,184.373321
-0.9952,49,184.549765
-0.9915,86,184.859546
-0.9939,62,185.081933
-0.9974,27,185.17851
-0.996,41,185.330777
-0.9955,46,185.498517
-0.99,101,185.861636
-0.9947,54,186.054444
-0.9949,52,186.242454
-0.9951,50,186.422847
-0.9954,47,186.600802
-0.9977,24,186.68956
-0.9912,89,187.019773
-0.9925,76,187.294003
-0.9976,25,187.392813
-0.9924,77,187.681439
-0.9979,22,187.805048
-0.997,31,187.936663
-0.9864,137,188.505945
-0.9935,66,188.755837
-0.9944,57,188.980501
-0.9943,58,189.199787
-0.9969,32,189.316583
-0.9934,67,189.567873
-0.9954,47,189.751447
-0.9931,70,190.018992
-0.9976,25,190.115186
-0.9918,83,190.471502
-0.9951,50,190.709162
-0.9932,69,190.968499
-0.9922,79,191.433018
-0.9942,59,191.622684
-0.9934,67,191.837516
-0.9802,199,192.485124
-0.9931,70,192.714366
-0.99,101,193.109687
-0.9955,46,193.287028
-0.9915,86,193.691004
-0.9977,24,193.785727
-0.9875,126,194.240007
-0.9919,82,194.537992
-0.9934,67,194.779962
-0.9975,26,194.87573
-0.9917,84,195.180746
-0.9973,28,195.293251
-0.9944,57,195.497806
-0.9932,69,195.752348
-0.9939,62,195.973088
-0.9938,63,196.203889
-0.9959,42,196.356807
-0.993,71,196.611052
-0.9921,80,196.90486
-0.9903,98,197.258542
-0.9903,98,197.616151
-0.9944,57,197.821661
-0.9949,52,198.011899
-0.9943,58,198.222867
-0.9939,62,198.448802
-0.9924,77,198.94905
-0.9949,52,199.137452
-0.992,81,199.489173
-0.9969,32,199.607606
-0.9951,50,199.812151
-0.9911,90,200.155467
-0.994,61,200.379352
-0.987,131,200.89691
-0.9955,46,201.0734
-0.9937,64,201.318636
-0.9936,65,201.593358
-0.9974,27,201.710165
-0.9945,56,201.930357
-0.9897,104,202.334022
-0.9933,68,202.592042
-0.9976,25,202.692534
-0.9882,119,203.124053
-0.9941,60,203.338845
-0.9957,44,203.503939
-0.9926,75,203.776157
-0.9718,283,204.787824
-0.9903,98,205.143584
-0.9873,128,205.602371
-0.9976,25,205.691301
-0.9928,73,205.963533
-0.9944,57,206.18584
-0.9957,44,206.344788
-0.9939,62,206.581591
-0.9937,64,207.047972
-0.9924,77,207.375667
-0.9798,203,208.194834
-0.9924,77,208.545357
-0.9896,105,208.945897
-0.9981,20,209.031149
-0.9948,53,209.256762
-0.991,91,209.602169
-0.9937,64,209.863887
-0.9959,42,210.056799
-0.9939,62,210.288814
-0.9974,27,210.389134
-0.9955,46,210.569268
-0.9945,56,210.798091
-0.9975,26,210.893986
-0.9973,28,211.000281
-0.9939,62,211.240602
-0.9978,23,211.336296
-0.9912,89,211.69548
-0.9945,56,211.943529
-0.9917,84,212.260121
-0.9876,125,212.728373
-0.9933,68,212.972504
-0.9978,23,213.057301
-0.993,71,213.323954
-0.9976,25,213.421707
-0.9939,62,213.662228
-0.9927,74,213.942448
-0.9915,86,214.270004
-0.987,131,214.750049
-0.9876,125,215.455148
-0.9976,25,215.560573
-0.988,121,216.061162
-0.9921,80,216.353572
-0.998,21,216.42959
-0.9926,75,217.20014
-0.9929,72,217.473413
-0.991,91,217.808068
-0.994,61,218.030332
-0.9976,25,218.122131
-0.9937,64,218.409874
-0.9934,67,218.666108
-0.9908,93,219.00832
-0.9961,40,219.154297
-0.9855,146,219.678726
-0.993,71,219.933288
-0.9937,64,220.164325
-0.9903,98,220.515009
-0.9941,60,220.730393
-0.9917,84,221.033655
-0.9928,73,221.291626
-0.9977,24,221.378084
-0.989,111,221.788917
-0.9899,102,222.154246
-0.9927,74,222.418523
-0.9939,62,222.644781
-0.9929,72,222.906693
-0.9927,74,223.17178
-0.9894,107,223.797154
-0.9971,30,223.904564
-0.9918,83,224.200619
-0.996,41,224.359952
-0.9938,63,224.589671
-0.9881,120,225.019937
-0.9891,110,225.414478
-0.9896,105,225.800931
-0.9895,106,226.185328
-0.9933,68,226.430229
-0.9967,34,226.552629
-0.9975,26,226.64708
-0.9915,86,226.961361
-0.9902,99,227.321675
-0.993,71,227.584207
-0.9926,75,227.871352
-0.9889,112,228.281615
-0.9943,58,228.522171
-0.9879,122,229.118475
-0.9947,54,229.356538
-0.9948,53,229.572596
-0.9968,33,229.700964
-0.9941,60,229.92114
-0.9897,104,230.29255
-0.9922,79,230.575697
-0.9935,66,230.816881
-0.9911,90,231.137058
-0.9931,70,231.618054
-0.9974,27,231.716281
-0.9951,50,231.895336
-0.9942,59,232.10562
-0.9962,39,232.257096
-0.9916,85,232.57206
-0.9954,47,232.745106
-0.9953,48,232.916279
-0.9938,63,233.140336
-0.997,31,233.253027
-0.9926,75,233.526264
-0.9918,83,233.825422
-0.9911,90,234.146329
-0.9915,86,234.453609
-0.9926,75,234.725745
-0.9945,56,234.926677
-0.993,71,235.180323
-0.9956,45,235.356411
-0.9936,65,235.587992
-0.9926,75,235.857402
-0.9946,55,236.084738
-0.9912,89,236.520518
-0.9968,33,236.673943
-0.9964,37,236.843222
-0.9935,66,237.194216
-0.9921,80,237.53809
-0.9961,40,237.706692
-0.995,51,237.938134
-0.9913,88,238.322199
-0.997,31,238.453498
-0.9929,72,238.749974
-0.9976,25,238.83944
-0.9928,73,239.115005
-0.9905,96,239.689611
-0.9968,33,239.810259
-0.9802,199,240.53249
-0.9919,82,240.831889
-0.9968,33,240.950962
-0.9922,79,241.296306
-0.997,31,241.411503
-0.9933,68,241.665209
-0.9951,50,241.845926
-0.9941,60,242.078164
-0.995,51,242.263083
-0.993,71,242.521202
-0.9819,182,243.180786
-0.9939,62,243.422773
-0.9931,70,243.680212
-0.992,81,243.973036
-0.9958,43,244.133597
-0.9951,50,244.316225
-0.998,21,244.39153
-0.9909,92,244.733557
-0.9957,44,244.896792
-0.9898,103,245.26877
-0.996,41,245.419839
-0.9967,34,245.540945
-0.9976,25,245.631256
-0.9896,105,246.008436
-0.9977,24,246.097977
-0.9922,79,246.381863
-0.9956,45,246.552754
-0.9933,68,246.802533
-0.9943,58,247.021233
-0.9916,85,247.573842
-0.9941,60,247.789657
-0.994,61,248.00991
-0.995,51,248.191936
-0.9893,108,248.60594
-0.9925,76,248.8823
-0.9938,63,249.104712
-0.9921,80,249.403654
-0.9941,60,249.618749
-0.9903,98,249.968852
-0.9976,25,250.057748
-0.9937,64,250.287432
-0.9905,96,250.643524
-0.9951,50,250.825724
-0.9867,134,251.305335
-0.995,51,251.500626
-0.9922,79,251.785372
-0.9925,76,252.06802
-0.9875,126,252.51717
-0.9926,75,252.785986
-0.9974,27,252.883662
-0.9913,88,253.207326
-0.9949,52,253.398816
-0.9978,23,253.483464
-0.9909,92,253.81164
-0.9928,73,254.07485
-0.9913,88,254.391653
-0.9912,89,254.713826
-0.9936,65,255.21005
-0.9923,78,255.4877
-0.9971,30,255.593884
-0.9946,55,255.793623
-0.9938,63,256.033732
-0.9965,36,256.167537
-0.9965,36,256.296148
-0.9896,105,256.677989
-0.9931,70,256.929576
-0.9972,29,257.035227
-0.995,51,257.218027
-0.9919,82,257.516306
-0.9971,30,257.624312
-0.9936,65,257.859169
-0.9929,72,258.116478
-0.9971,30,258.224986
-0.9871,130,258.69275
-0.9945,56,258.893787
-0.9959,42,259.046675
-0.9841,160,259.617817
-0.9956,45,259.779128
-0.9948,53,259.972546
-0.9902,99,260.327195
-0.9956,45,260.490844
-0.9896,105,260.867899
-0.9914,87,261.178678
-0.9979,22,261.258348
-0.99,101,261.618653
-0.9932,69,261.866145
-0.9943,58,262.072068
-0.9941,60,262.287859
-0.9894,107,262.890668
-0.9939,62,263.117077
-0.9964,37,263.251137
-0.9892,109,263.656104
-0.9829,172,264.272
-0.9923,78,264.552277
-0.9978,23,264.636096
-0.9939,62,264.86499
-0.992,81,265.155557
-0.9929,72,265.41498
-0.9904,97,265.762698
-0.994,61,265.983135
-0.997,31,266.092799
-0.9966,35,266.220324
-0.9911,90,266.546947
-0.9939,62,266.775237
-0.9895,106,267.156045
-0.9944,57,267.359904
-0.9922,79,267.647395
-0.9951,50,267.830018
-0.9954,47,267.99867
-0.9916,85,268.302821
-0.994,61,268.521403
-0.997,31,268.632077
-0.9917,84,268.939264
-0.9961,40,269.080138
-0.9911,90,269.403195
-0.9925,76,269.675449
-0.9973,28,269.776766
-0.9929,72,270.04048
-0.9921,80,270.58408
-0.993,71,270.840514
-0.9927,74,271.10514
-0.9938,63,271.343203
-0.9942,59,271.55515
-0.9898,103,271.924595
-0.9919,82,272.217315
-0.9922,79,272.504948
-0.9859,142,273.032295
-0.9971,30,273.142417
-0.9889,112,273.589559
-0.9917,84,273.896164
-0.9937,64,274.128998
-0.9942,59,274.344833
-0.9933,68,274.590177
-0.9905,96,274.942862
-0.9918,83,275.248851
-0.9968,33,275.371381
-0.9943,58,275.583842
-0.9942,59,275.797216
-0.9972,29,275.901681
-0.9929,72,276.161668
-0.9914,87,276.527541
-0.9955,46,276.963424
-0.9903,98,277.333981
-0.9939,62,277.560185
-0.9973,28,277.664218
-0.9539,462,279.573043
-0.993,71,279.829434
-0.9792,209,280.58625
-0.9972,29,280.69386
-0.9936,65,280.928008
-0.9966,35,281.054086
-0.9977,24,281.140922
-0.9915,86,281.450419
-0.9717,284,282.465233
-0.9953,48,282.637295
-0.9953,48,282.814879
-0.9971,30,282.923179
-0.9929,72,283.182347
-0.9926,75,283.464687
-0.9969,32,283.623175
-0.9951,50,283.803682
-0.9947,54,284.117301
-0.9919,82,284.41091
-0.9938,63,284.639892
-0.9775,226,285.456606
-0.9968,33,285.581596
-0.995,51,285.769203
-0.9975,26,285.86231
-0.989,111,286.47954
-0.9933,68,286.731439
-0.9972,29,286.838458
-0.9974,27,286.954613
-0.9921,80,287.255889
-0.9967,34,287.378657
-0.995,51,287.570172
-0.9968,33,287.690401
-0.983,171,288.311553
-0.9896,105,288.697376
-0.9896,105,289.0762
-0.9952,49,289.255156
-0.9895,106,289.650475
-0.9917,84,289.956773
-0.9926,75,290.244127
-0.9938,63,290.473372
-0.9952,49,290.656596
-0.9965,36,290.788592
-0.9947,54,290.983527
-0.9895,106,291.365493
-0.9976,25,291.457695
-0.9863,138,291.98671
-0.9928,73,292.24885
-0.9965,36,292.376446
-0.9972,29,292.481415
-0.9932,69,292.78768
-0.9896,105,293.187094
-0.9915,86,293.497246
-0.9921,80,293.788586
-0.9913,88,294.31944
-0.9948,53,294.511441
-0.993,71,294.771321
-0.9954,47,294.958177
-0.9871,130,295.428964
-0.9959,42,295.581151
-0.9971,30,295.690286
-0.9873,128,296.150714
-0.9905,96,296.496932
-0.997,31,296.610454
-0.9949,52,296.804345
-0.9944,57,297.00856
-0.9889,112,297.414411
-0.9914,87,297.733899
-0.9952,49,297.911281
-0.9894,107,298.306185
-0.9941,60,298.525451
-0.9914,87,298.844986
-0.997,31,298.955755
-0.9912,89,299.282157
-0.9973,28,299.38949
-0.9949,52,299.585461
-0.9926,75,299.859471
-0.9899,102,300.228059
-0.989,111,300.628849
-0.9978,23,300.71629
-0.9898,103,301.087451
-0.9939,62,301.311074
-0.9974,27,301.4114
-0.9922,79,301.916076
-0.9907,94,302.252772
-0.9891,110,302.661543
-0.9948,53,302.856409
-0.9695,306,303.9652
-0.9935,66,304.210896
-0.9938,63,304.438983
-0.9922,79,304.731227
-0.9868,133,305.227896
-0.9923,78,305.518065
-0.9968,33,305.63535
-0.9973,28,305.738821
-0.9927,74,306.005475
-0.9943,58,306.216146
-0.9891,110,306.615591
-0.9956,45,306.786643
-0.9889,112,307.194558
-0.9924,77,307.472212
-0.9977,24,307.560303
-0.9913,88,307.881733
-0.9927,74,308.161291
-0.9914,87,308.598811
-0.9909,92,308.963595
-0.9937,64,309.203851
-0.9862,139,309.95371
-0.9947,54,310.154453
-0.9961,40,310.304662
-0.9909,92,310.71627
-0.9833,168,311.339936
-0.9958,43,311.534784
-0.9802,199,312.27574
-0.9935,66,312.536155
-0.9922,79,312.862544
-0.998,21,312.93986
-0.9921,80,313.227599
-0.9958,43,313.385377
-0.9967,34,313.525666
-0.9905,96,313.883588
-0.9922,79,314.184448
-0.9913,88,314.504958
-0.993,71,314.784593
-0.9941,60,315.012037
-0.9914,87,315.332677
-0.9917,84,315.660677
-0.9913,88,316.005842
-0.9929,72,316.278083
-0.9903,98,316.662007
-0.9935,66,316.926964
-0.9926,75,317.221038
-0.9906,95,317.836104
-0.9958,43,318.00286
-0.9948,53,318.205848
-0.9937,64,318.46195
-0.9928,73,318.773836
-0.9877,124,319.252417
-0.9829,172,319.9148
-0.9945,56,320.124291
-0.9978,23,320.209023
-0.9894,107,320.596246
-0.9971,30,320.707749
-0.9958,43,320.865527
-0.994,61,321.084743
-0.9954,47,321.255684
-0.9927,74,321.525279
-0.9914,87,321.84224
-0.9974,27,321.941555
-0.9932,69,322.189758
-0.9963,38,322.329006
-0.9939,62,322.553159
-0.9931,70,322.810959
-0.9951,50,322.992483
-0.989,111,323.393836
-0.9937,64,323.623676
-0.9946,55,323.823934
-0.9892,109,324.216787
-0.9971,30,324.323767
-0.9955,46,324.495682
-0.9919,82,324.791897
-0.9917,84,325.093737
-0.9907,94,325.657752
-0.9927,74,325.924136
-0.998,21,326.006511
-0.9901,100,326.368805
-0.9925,76,326.654726
-0.998,21,326.735364
-0.994,61,327.027865
-0.9912,89,327.354269
-0.9908,93,327.689181
-0.9942,59,327.901139
-0.9924,77,328.178412
-0.9961,40,328.32376
-0.9931,70,328.577296
-0.9953,48,328.753966
-0.9932,69,329.0011
-0.9919,82,329.353539
-0.9954,47,329.523052
-0.9974,27,329.622547
-0.9975,26,329.719014
-0.9936,65,329.9525
-0.9939,62,330.174752
-0.9892,109,330.606132
-0.994,61,330.87988
-0.992,81,331.22312
-0.9978,23,331.315911
-0.9934,67,331.598903
-0.9838,163,332.346546
-0.9903,98,332.999683
-0.9982,19,333.164817
-0.9948,53,333.444018
-0.9961,40,333.636842
-0.9974,27,333.744474
-0.9839,162,334.614944
-0.9925,76,334.957867
-0.9968,33,335.08465
-0.9921,80,335.449668
-0.9957,44,335.625708
-0.9916,85,335.969518
-0.9953,48,336.296184
-0.9878,123,337.529329
-0.9948,53,337.796969
-0.9906,95,338.216923
-0.9952,49,338.431984
-0.9959,42,338.603627
-0.9975,26,338.715016
-0.9908,93,339.150998
-0.9942,59,339.386516
-0.9979,22,339.475617
-0.9922,79,339.770895
-0.991,91,340.099477
-0.9956,45,340.263793
-0.9968,33,340.385628
-0.9949,52,340.5992
-0.9939,62,340.837802
-0.9935,66,341.073282
-0.9946,55,341.283726
-0.9928,73,341.547644
-0.9967,34,341.673403
-0.9931,70,341.936577
-0.9979,22,342.017721
-0.9893,108,342.408503
-0.9926,75,342.679441
-0.9948,53,342.869865
-0.9975,26,342.963962
-0.9906,95,343.299236
-0.9913,88,343.827912
-0.9929,72,344.086241
-0.9964,37,344.213564
-0.9943,58,344.488348
-0.997,31,344.604767
-0.9975,26,344.706072
-0.9893,108,345.112397
-0.9921,80,345.404759
-0.9939,62,345.61936
-0.9923,78,345.902307
-0.997,31,346.008435
-0.995,51,346.177924
-0.9942,59,346.383948
-0.9979,22,346.458067
-0.9954,47,346.6172
-0.9976,25,346.704572
-0.995,51,346.873755
-0.9945,56,347.073601
-0.9914,87,347.353944
-0.9938,63,347.562916
-0.9907,94,347.870421
-0.993,71,348.103814
-0.9959,42,348.241274
-0.9933,68,348.461622
-0.9971,30,348.560613
-0.9931,70,348.795508
-0.993,71,349.029088
-0.9979,22,349.100839
-0.9889,112,349.469283
-0.997,31,349.57082
-0.9934,67,349.806581
-0.9966,35,349.924358
-0.9948,53,350.131938
-0.9911,90,350.455539
-0.9894,107,351.076276
-0.9923,78,351.35878
-0.9978,23,351.435956
-0.9922,79,351.715209
-0.9928,73,351.975458
-0.9972,29,352.07397
-0.9948,53,352.260325
-0.9979,22,352.333537
-0.9925,76,352.60125
-0.9948,53,352.790899
-0.9957,44,352.937012
-0.9949,52,353.117456
-0.9937,64,353.343842
-0.9975,26,353.431926
-0.9954,47,353.609545
-0.9949,52,353.781752
-0.9958,43,353.934356
-0.9929,72,354.172361
-0.9871,130,354.589119
-0.9931,70,354.817429
-0.9959,42,354.954792
-0.9929,72,355.185883
-0.991,91,355.494638
-0.9948,53,355.664891
-0.9855,146,356.135351
-0.9943,58,356.320069
-0.9903,98,356.635274
-0.998,21,356.711376
-0.9941,60,356.922278
-0.9967,34,357.033583
-0.9963,38,357.156507
-0.9961,40,357.286871
-0.9896,105,357.622408
-0.998,21,357.691384
-0.9935,66,358.11505
-0.9941,60,358.315776
-0.9925,76,358.564634
-0.9917,84,358.843382
-0.9936,65,359.067888
-0.9979,22,359.138731
-0.9926,75,359.379489
-0.9896,105,359.719112
-0.9944,57,359.903717
-0.9976,25,359.985149
-0.9923,78,360.239567
-0.9978,23,360.319755
-0.9956,45,360.465612
-0.9962,39,360.592914
-0.9951,50,360.799354
-0.9933,68,361.021144
-0.9928,73,361.258477
-0.9915,86,361.557398
-0.9901,100,361.90071
-0.9832,169,362.442326
-0.9934,67,362.658637
-0.9976,25,362.745
-0.9847,154,363.238506
-0.9959,42,363.373878
-0.9899,102,363.700582
-0.995,51,363.864516
-0.9854,147,364.33177
-0.9945,56,364.513936
-0.9958,43,364.656822
-0.9908,93,365.169053
-0.9925,76,365.417305
-0.9924,77,365.666802
-0.9919,82,366.03856
-0.9977,24,366.116468
-0.9932,69,366.341477
-0.9929,72,366.574963
-0.9948,53,366.769513
-0.9898,103,367.11095
-0.9976,25,367.193904
-0.9527,474,368.741724
-0.9966,35,368.854667
-0.9839,162,369.377435
-0.9888,113,369.740482
-0.9909,92,370.035684
-0.9975,26,370.119644
-0.9939,62,370.319574
-0.9884,117,370.699793
-0.9931,70,370.923807
-0.9925,76,371.169127
-0.9951,50,371.329529
-0.9977,24,371.40607
-0.9954,47,371.556382
-0.992,81,372.025144
-0.9979,22,372.09515
-0.9923,78,372.343525
-0.9979,22,372.413967
-0.9932,69,372.644927
-0.9932,69,372.890185
-0.9978,23,372.974378
-0.9966,35,373.100231
-0.9875,126,373.502064
-0.9943,58,373.687457
-0.9901,100,374.00926
-0.9935,66,374.22267
-0.9906,95,374.525644
-0.9951,50,374.706977
-0.9978,23,374.810451
-0.9914,87,375.115231
-0.9918,83,375.388374
-0.9954,47,375.541036
-0.9959,42,375.677468
-0.9899,102,376.006663
-0.9912,89,376.295436
-0.997,31,376.395875
-0.9891,110,376.760553
-0.9914,87,377.043154
-0.9911,90,377.334208
-0.9945,56,377.514306
-0.9981,20,377.578975
-0.9917,84,377.857032
-0.9951,50,378.030115
-0.9979,22,378.104844
-0.9949,52,378.28156
-0.9946,55,378.459635
-0.9831,170,379.211662
-0.9941,60,379.404839
-0.9935,66,379.620179
-0.9889,112,380.010114
-0.993,71,380.274378
-0.9925,76,380.571981
-0.998,21,380.644991
-0.993,71,381.058019
-0.9963,38,381.271407
-0.9953,48,381.517082
-0.9802,199,382.474522
-0.998,21,382.56401
-0.992,81,382.853747
-0.9959,42,383.00537
-0.9982,19,383.076806
-0.9933,68,383.51501
-0.9925,76,384.014976
-0.9941,60,384.481496
-0.9905,96,384.816234
-0.9915,86,385.240115
-0.9931,70,385.487543
-0.9915,86,385.772486
-0.9905,96,386.117018
-0.9857,144,386.611081
-0.9938,63,386.826279
-0.9935,66,387.039636
-0.994,61,387.501268
-0.9905,96,388.009084
-0.991,91,388.298172
-0.996,41,388.428814
-0.9923,78,388.691065
-0.9968,33,388.809885
-0.9921,80,389.068497
-0.9963,38,389.192269
-0.9971,30,389.289985
-0.9916,85,389.560987
-0.9976,25,389.640844
-0.991,91,389.92895
-0.9974,27,390.015453
-0.9878,123,390.404497
-0.9932,69,390.628181
-0.9862,139,391.194485
-0.9974,27,391.325086
-0.9955,46,391.48914
-0.988,121,391.897917
-0.9951,50,392.059348
-0.992,81,392.323825
-0.9919,82,392.585825
-0.9978,23,392.660291
-0.9929,72,392.899829
-0.9918,83,393.168001
-0.995,51,393.333613
-0.995,51,393.498098
-0.9941,60,393.691703
-0.9979,22,393.762965
-0.9936,65,393.969383
-0.9925,76,394.214859
-0.9954,47,394.370098
-0.9885,116,394.975322
-0.9924,77,395.288282
-0.9897,104,395.631161
-0.9976,25,395.728108
-0.992,81,396.015715
-0.991,91,396.448055
-0.9924,77,397.435498
-0.9936,65,397.702725
-0.9975,26,397.801148
-0.9923,78,398.088266
-0.9937,64,398.32436
-0.9888,113,398.763036
-0.9909,92,399.111256
-0.998,21,399.191513
-0.9906,95,399.534977
-0.994,61,399.788114
-0.9962,39,399.930696
-0.992,81,400.236804
-0.9915,86,400.571975
-0.9937,64,400.812639
-0.9929,72,401.064229
-0.9914,87,401.386852
-0.997,31,401.538156
-0.9889,112,401.979069
-0.9875,126,402.445926
-0.9925,76,402.710928
-0.9968,33,402.826216
-0.9926,75,403.086539
-0.998,21,403.156497
-0.9927,74,403.623079
-0.9982,19,403.694424
-0.992,81,403.975586
-0.9947,54,404.157417
-0.995,51,404.327159
-0.9975,26,404.41485
-0.9952,49,404.59239
-0.9921,80,404.85454
-0.9905,96,405.15865
-0.9921,80,405.414482
-0.9964,37,405.532708
-0.9885,116,405.907199
-0.9885,116,406.277556
-0.995,51,406.442046
-0.9908,93,406.746539
-0.9946,55,406.923272
-0.9909,92,407.217133
-0.9945,56,407.39865
-0.9923,78,407.651444
-0.9936,65,407.85899
-0.9892,109,408.204074
-0.994,61,408.399557
-0.9951,50,408.560907
-0.9901,100,408.88651
-0.9948,53,409.058089
-0.9907,94,409.35712
-0.9914,87,409.632568
-0.9887,114,409.998846
-0.9941,60,410.191055
-0.9904,97,410.714657
-0.9955,46,410.861421
-0.9906,95,411.163704
-0.9917,84,411.500515
-0.9977,24,411.582862
-0.9914,87,411.880569
-0.9926,75,412.125357
-0.9936,65,412.33502
-0.9978,23,412.409092
-0.99,101,412.744702
-0.9884,117,413.149508
-0.9925,76,413.3932
-0.9937,64,413.599786
-0.993,71,413.82811
-0.9952,49,413.986787
-0.9976,25,414.067554
-0.9926,75,414.310012
-0.9943,58,414.505003
-0.9937,64,414.72472
-0.9913,88,415.011145
-0.9961,40,415.138819
-0.9913,88,415.420167
-0.992,81,415.679968
-0.9937,64,415.889552
-0.9923,78,416.160843
-0.9944,57,416.343322
-0.987,131,416.89029
-0.9892,109,417.460021
-0.9982,19,417.55966
-0.9907,94,418.192636
-0.9871,130,418.750813
-0.9886,115,419.240174
-0.9966,35,419.388045
-0.9975,26,419.504596
-0.9935,66,419.814826
-0.9909,92,420.329257
-0.9913,88,420.642933
-0.9938,63,420.86144
-0.9904,97,421.206283
-0.998,21,421.276241
-0.9884,117,421.685236
-0.9798,203,422.387034
-0.992,81,422.651169
-0.9965,36,422.788127
-0.9971,30,422.895575
-0.9936,65,423.111624
-0.9954,47,423.276766
-0.9893,108,423.772058
-0.8496,1505,429.17677
-0.993,71,429.409762
-0.996,41,429.558813
-0.9933,68,429.806002
-0.9928,73,430.04938
-0.9912,89,430.353319
-0.9885,116,430.771629
-0.9946,55,430.952812
-0.9884,117,431.341426
-0.9975,26,431.425677
-0.9945,56,431.628474
-0.9858,143,432.099453
-0.9867,134,432.560585
-0.9944,57,432.766232
-0.995,51,433.136594
-0.998,21,433.207685
-0.994,61,433.418893
-0.9919,82,433.696901
-0.9951,50,433.863495
-0.9902,99,434.211292
-0.9908,93,434.526544
-0.9976,25,434.62366
-0.9935,66,434.849725
-0.9965,36,434.984964
-0.9808,193,435.636011
-0.9964,37,435.776172
-0.9981,20,435.853539
-0.993,71,436.109196
-0.9973,28,436.213328
-0.9916,85,436.493887
-0.9974,27,436.589954
-0.9918,83,436.880009
-0.995,51,437.049399
-0.993,71,437.290678
-0.9899,102,437.639938
-0.9894,107,437.990132
-0.9938,63,438.198104
-0.9889,112,438.571811
-0.9973,28,438.662924
-0.9936,65,438.885053
-0.998,21,438.952275
-0.9915,86,439.241412
-0.9937,64,439.453336
-0.9979,22,439.537998
-0.9972,29,439.671231
-0.9913,88,439.978778
-0.9927,74,440.43228
-0.9862,139,440.911251
-0.9973,28,441.00289
-0.9958,43,441.141383
-0.9911,90,441.442226
-0.9978,23,441.515436
-0.9898,103,441.846451
-0.9913,88,442.127005
-0.9931,70,442.349677
-0.9948,53,442.519971
-0.9965,36,442.649398
-0.9932,69,442.873771
-0.9976,25,442.95688
-0.994,61,443.152052
-0.989,111,443.531244
-0.994,61,443.743812
-0.9956,45,443.886777
-0.998,21,443.954215
-0.995,51,444.116473
-0.9903,98,444.428529
-0.998,21,444.49645
-0.9941,60,444.690977
-0.9951,50,444.856299
-0.9976,25,444.939127
-0.9939,62,445.139488
-0.9864,137,445.577711
-0.9929,72,445.806119
-0.991,91,446.096392
-0.9959,42,446.237355
-0.993,71,446.494296
-0.9887,114,446.882217
-0.994,61,447.083484
-0.9972,29,447.411825
-0.9923,78,447.676554
-0.9949,52,447.858572
-0.9952,49,448.03931
-0.9918,83,448.361897
-0.9981,20,448.431964
-0.9918,83,448.766505
-0.9964,37,448.969422
-0.9941,60,449.200947
-0.9965,36,449.357415
-0.997,31,449.49937
-0.9863,138,450.036571
-0.9976,25,450.142524
-0.9902,99,450.545771
-0.9911,90,450.903624
-0.9979,22,450.982771
-0.9945,56,451.197524
-0.9898,103,451.587899
-0.9965,36,451.725011
-0.993,71,452.066284
-0.997,31,452.177407
-0.9929,72,452.450141
-0.9692,309,453.519411
-0.9913,88,453.837424
-0.9941,60,454.052492
-0.9951,50,454.248249
-0.9931,70,454.520363
-0.9881,120,454.958224
-0.9957,44,455.127586
-0.9981,20,455.420635
-0.9904,97,455.735504
-0.9959,42,455.870019
-0.9923,78,456.11553
-0.9914,87,456.401179
-0.9967,34,456.720996
-0.9915,86,457.038734
-0.9915,86,457.315624
-0.9932,69,457.536544
-0.9891,110,457.891732
-0.9919,82,458.154729
-0.9793,208,458.831797
-0.9979,22,458.9024
-0.9924,77,459.143929
-0.998,21,459.211706
-0.99,101,459.548123
-0.9978,23,459.622072
-0.9961,40,459.757699
-0.9975,26,459.840444
-0.9921,80,460.094565
-0.9973,28,460.187113
-0.9929,72,460.41657
-0.9923,78,460.663859
-0.9978,23,460.795835
-0.9949,52,460.974033
-0.9878,123,461.372415
-0.992,81,462.014319
-0.9947,54,462.273771
-0.9926,75,462.517185
-0.9893,108,463.083666
-0.9962,39,463.216734
-0.9922,79,463.474127
-0.9977,24,463.593001
-0.99,101,464.189972
-0.9934,67,464.405898
-0.9921,80,464.668996
-0.9873,128,465.07468
-0.9917,84,465.375463
-0.9919,82,465.769512
-0.9954,47,465.996788
-0.9944,57,466.331013
-0.9937,64,466.55247
-0.9966,35,466.672988
-0.9898,103,467.087403
-0.9977,24,467.268059
-0.9935,66,467.589856
-0.9925,76,467.878782
-0.9893,108,468.267744
-0.9939,62,468.493268
-0.991,91,468.841457
-0.9914,87,469.248072
-0.9974,27,469.356995
-0.995,51,469.546279
-0.9982,19,469.609289
-0.9918,83,469.87328
-0.994,61,470.0713
-0.9907,94,470.40845
-0.9981,20,470.481552
-0.9912,89,470.805134
-0.9976,25,470.91463
-0.9911,90,471.443568
-0.9917,84,471.712513
-0.9891,110,472.062425
-0.9921,80,472.329561
-0.9953,48,472.488855
-0.9972,29,472.579833
-0.9944,57,472.766679
-0.9917,84,473.033875
-0.9867,134,473.45775
-0.9915,86,473.732021
-0.998,21,473.800965
-0.9949,52,473.969868
-0.9967,34,474.078093
-0.9917,84,474.344619
-0.9926,75,474.58283
-0.9979,22,474.653735
-0.9948,53,474.827608
-0.99,101,475.146783
-0.9835,166,475.672644
-0.9974,27,475.758194
-0.9908,93,476.052784
-0.9952,49,476.207187
-0.9962,39,476.331611
-0.9942,59,476.518412
-0.9928,73,476.757458
-0.9916,85,477.025656
-0.9967,34,477.142339
-0.9415,586,479.232458
-0.9889,112,479.587702
-0.9936,65,479.792708
-0.9931,70,480.016642
-0.9898,103,480.341576
-0.9955,46,480.488768
-0.9931,70,480.712268
-0.9957,44,480.853093
-0.992,81,481.113141
-0.9979,22,481.183679
-0.9896,105,481.516843
-0.9972,29,481.608552
-0.9805,196,482.231688
-0.9872,129,482.645838
-0.9964,37,482.768645
-0.9913,88,483.045285
-0.989,111,483.396841
-0.9905,96,483.713167
-0.9979,22,483.782817
-0.9931,70,484.003803
-0.9916,85,484.274684
-0.9971,30,484.370496
-0.9955,46,484.519342
-0.9884,117,485.107413
-0.9944,57,485.287697
-0.9926,75,485.526257
-0.9852,149,486.008606
-0.9919,82,486.276744
-0.9927,74,486.540008
-0.9974,27,486.641552
-0.9912,89,486.968398
-0.9967,34,487.085495
-0.9913,88,487.382102
-0.9951,50,487.55805
-0.996,41,487.711713
-0.9958,43,487.87238
-0.995,51,488.056864
-0.9923,78,488.319244
-0.9935,66,488.580849
-0.9979,22,488.654496
-0.9947,54,488.857529
-0.9933,68,489.105397
-0.9969,32,489.209885
-0.9913,88,489.492596
-0.9927,74,489.729054
-0.9928,73,490.004127
-0.9904,97,490.332729
-0.9831,170,490.946202
-0.9861,140,491.4102
-0.9976,25,491.493614
-0.9922,79,491.752791
-0.9975,26,491.850474
-0.9924,77,492.326341
-0.9895,106,492.678897
-0.9904,97,493.004114
-0.9916,85,493.287371
-0.9957,44,493.431095
-0.9939,62,493.634063
-0.9955,46,493.783082
-0.9944,57,493.962641
-0.9963,38,494.083647
-0.9948,53,494.253264
-0.9923,78,494.498126
-0.9976,25,494.577548
-0.9807,194,495.199275
-0.9915,86,495.626363
-0.9929,72,495.852803
-0.9952,49,496.007013
-0.9902,99,496.318811
-0.994,61,496.514993
-0.9946,55,496.691649
-0.9915,86,496.966322
-0.9928,73,497.195857
-0.9982,19,497.257723
-0.9907,94,497.555442
-0.9979,22,497.626412
-0.9912,89,497.905876
-0.9946,55,498.077757
-0.9849,152,498.556813
-0.9943,58,498.744444
-0.9927,74,499.184488
-0.9896,105,499.53685
-0.9931,70,499.75714
-0.9942,59,499.948191
-0.9933,68,500.176015
-0.9978,23,500.249808
-0.9898,103,500.578686
-0.9841,160,501.087646
-0.9949,52,501.250828
-0.9967,34,501.357812
-0.9955,46,501.509808
-0.9967,34,501.619387
-0.9927,74,501.852817
-0.9967,34,501.960068
-0.9941,60,502.149047
-0.9945,56,502.325089
-0.9977,24,502.401257
-0.9913,88,502.680745
-0.9883,118,503.057054
-0.9978,23,503.129941
-0.9912,89,503.409507
-0.9951,50,503.573044
-0.997,31,503.673117
-0.9889,112,504.033784
-0.9926,75,504.267528
-0.9961,40,504.393007
-0.9905,96,504.822101
-0.9972,29,504.917794
-0.9943,58,505.100731
-0.991,91,505.388225
-0.9945,56,505.566255
-0.9917,84,506.035507
-0.9982,19,506.095933
-0.9918,83,506.35746
-0.9978,23,506.431005
-0.9943,58,506.649325
-0.9943,58,506.846437
-0.9951,50,507.0152
-0.9979,22,507.086584
-0.9913,88,507.370261
-0.9938,63,507.570722
-0.9956,45,507.711691
-0.9846,155,508.196603
-0.9937,64,508.396271
-0.9947,54,508.566922
-0.9914,87,508.845798
-0.9963,38,508.96533
-0.9935,66,509.171959
-0.9894,107,509.510081
-0.9912,89,509.790616
-0.9927,74,510.021459
-0.9926,75,510.256983
-0.9949,52,510.420037
-0.9905,96,510.725702
-0.9979,22,510.795906
-0.9907,94,511.091366
-0.9977,24,511.167229
-0.9975,26,511.249539
-0.9951,50,511.40697
-0.9936,65,511.613687
-0.9855,146,512.071532
-0.9926,75,512.307538
0.9999,9999,545.919592
-0.9951,50,546.080228
-0.994,61,546.273992
-0.9931,70,546.496641
-0.9932,69,546.718219
-0.997,31,546.816766
-0.984,161,547.534378
-0.9893,108,547.8737
-0.9959,42,548.020152
-0.9933,68,548.250209
-0.992,81,548.517302
-0.997,31,548.620685
-0.9917,84,548.890227
-0.9975,26,548.971885
-0.994,61,549.164174
-0.9932,69,549.379718
-0.9944,57,549.55981
-0.9874,127,549.958401
-0.9927,74,550.189457
-0.9956,45,550.330048
-0.9933,68,550.557023
-0.9974,27,550.642457
-0.9939,62,550.837837
-0.9965,36,550.952644
-0.9896,105,551.28197
-0.992,81,551.566726
-0.9876,125,551.960843
-0.9973,28,552.048405
-0.9838,163,552.565271
-0.9885,116,552.939811
-0.9979,22,553.010225
-0.9912,89,553.287312
-0.9932,69,553.508029
-0.9933,68,553.969689
-0.9922,79,554.222808
-0.9928,73,554.450783
-0.9981,20,554.517331
-0.9935,66,554.73643
-0.9972,29,554.834698
-0.993,71,555.062236
-0.9933,68,555.280637
-0.9979,22,555.352606
-0.991,91,555.638783
-0.994,61,555.830282
-0.9941,60,556.019274
-0.9938,63,556.218131
-0.9967,34,556.325244
-0.99,101,556.644816
-0.9917,84,556.909034
-0.9952,49,557.062159
-0.992,81,557.316793
-0.9895,106,557.662325
-0.9756,245,558.427687
-0.9876,125,558.825386
-0.9967,34,558.932663
-0.9905,96,559.232414
-0.998,21,559.298433
-0.9932,69,559.518533
-0.9909,92,559.808531
-0.9973,28,559.896759
-0.9939,62,560.089504
-0.9937,64,560.290719
-0.9913,88,560.772114
-0.9932,69,560.988384
-0.9945,56,561.163192
-0.9918,83,561.436383
-0.9932,69,561.682222
-0.9908,93,561.981696
-0.9934,67,562.193804
-0.9981,20,562.257746
-0.9945,56,562.434308
-0.995,51,562.592677
-0.9972,29,562.684722
-0.9979,22,562.754811
-0.9932,69,562.973124
-0.9938,63,563.173618
-0.9934,67,563.385731
-0.9925,76,563.628842
-0.9949,52,563.794264
-0.9914,87,564.06646
-0.9929,72,564.292813
-0.9978,23,564.364538
-0.9914,87,564.640729
-0.9951,50,564.800098
-0.9975,26,564.882035
-0.9957,44,565.021164
-0.9932,69,565.238819
-0.9926,75,565.476765
-0.9903,98,565.783603
-0.9978,23,565.856691
-0.9927,74,566.090222
-0.9906,95,566.389004
-0.9926,75,566.626129
-0.99,101,566.94441
-0.992,81,567.403033
-0.973,271,568.301272
-0.9936,65,568.509591
-0.9937,64,568.71482
-0.9946,55,568.889189
-0.9967,34,568.997307
-0.9958,43,569.131989
-0.9982,19,569.192585
-0.9976,25,569.270812
-0.9977,24,569.346934
-0.9945,56,569.525875
-0.998,21,569.605339
-0.9919,82,569.876169
-0.994,61,570.073185
-0.9949,52,570.24332
-0.9923,78,570.508948
-0.9944,57,570.699303
-0.9916,85,570.965308
-0.9976,25,571.045783
-0.9914,87,571.316478
-0.9928,73,571.549429
-0.996,41,571.678369
-0.9945,56,571.869782
-0.987,131,572.282514
-0.9932,69,572.504469
-0.9892,109,572.847633
-0.994,61,573.040553
-0.9981,20,573.103456
-0.993,71,573.330737
-0.9915,86,573.602459
-0.9874,127,574.220136
-0.9976,25,574.298343
-0.9888,113,574.65199
-0.9974,27,574.737291
-0.9933,68,574.957228
-0.9977,24,575.069317
-0.9892,109,575.459516
-0.9918,83,575.728238
-0.9974,27,575.815412
-0.9963,38,575.938807
-0.9918,83,576.203205
-0.9961,40,576.329373
-0.9917,84,576.964804
-0.9956,45,577.165422
-0.9949,52,577.406084
-0.9938,63,577.73578
-0.9937,64,577.977577
-0.9931,70,578.200758
-0.998,21,578.270264
-0.9944,57,578.457471
-0.9969,32,578.572498
-0.9955,46,578.740583
-0.9979,22,578.810738
-0.993,71,579.032826
-0.9978,23,579.107023
-0.9938,63,579.306822
-0.9934,67,579.518457
-0.9963,38,579.638534
-0.993,71,579.871866
-0.9932,69,580.088484
-0.9906,95,580.436902
-0.9942,59,580.669082
-0.9956,45,580.830658
-0.9965,36,580.948591
-0.9709,292,582.452803
-0.9943,58,582.646228
-0.9797,204,583.356168
-0.9936,65,583.603772
-0.9942,59,583.840475
-0.9975,26,583.929283
-0.993,71,584.168003
-0.9952,49,584.333949
-0.9931,70,584.5606
-0.9936,65,584.779355
-0.9976,25,584.86176
-0.9937,64,585.067502
-0.998,21,585.135394
-0.9954,47,585.290546
-0.9982,19,585.354923
-0.992,81,585.649462
-0.9922,79,585.912846
-0.9957,44,586.058328
-0.9932,69,586.309102
-0.995,51,586.486832
-0.9924,77,586.761337
-0.9977,24,586.838286
-0.9929,72,587.073282
-0.9931,70,587.301411
-0.9957,44,587.444625
-0.998,21,587.515475
-0.9904,97,587.83438
-0.9951,50,588.020769
-0.9963,38,588.164316
-0.9954,47,588.336056
-0.9975,26,588.43155
-0.9916,85,588.722972
-0.9912,89,589.003211
-0.9778,223,589.971799
-0.9929,72,590.243562
-0.9896,105,590.602558
-0.9933,68,590.855274
-0.9907,94,591.158593
-0.9944,57,591.340825
-0.9926,75,591.614931
-0.995,51,591.783268
-0.9925,76,592.035181
-0.9915,86,592.321901
-0.9899,102,592.664944
-0.9914,87,592.958799
-0.9928,73,593.193348
-0.9948,53,593.535756
-0.9889,112,594.044703
-0.9952,49,594.243079
-0.9928,73,594.517974
-0.9982,19,594.584162
-0.9972,29,594.68574
-0.9978,23,594.769483
-0.9942,59,594.973985
-0.9937,64,595.197672
-0.9946,55,595.417624
-0.9937,64,595.709412
-0.9809,192,596.353777
-0.9925,76,596.630344
-0.9979,22,596.705426
-0.993,71,597.135742
-0.9857,144,597.587971
-0.9936,65,597.817868
-0.9972,29,597.916128
-0.9906,95,598.215409
-0.9971,30,598.31037
-0.9949,52,598.475299
-0.9962,39,598.598253
-0.9971,30,598.70308
-0.993,71,598.936294
-0.997,31,599.035166
-0.9939,62,599.231643
-0.9941,60,599.422016
-0.9936,65,599.636103
-0.9945,56,599.812964
-0.9983,18,599.872614
-0.9941,60,600.05976
-0.9923,78,600.304316
-0.9981,20,600.37025
-0.9923,78,600.716769
-0.9916,85,601.039725
-0.9935,66,601.278486
-0.9947,54,601.482846
-0.9931,70,601.715062
-0.9982,19,601.788721
-0.9945,56,602.003551
-0.9953,48,602.18712
-0.9956,45,602.351707
-0.9983,18,602.412436
-0.9967,34,602.546893
-0.9926,75,602.823372
-0.9928,73,603.053749
-0.9977,24,603.128755
-0.9922,79,603.376696
-0.9973,28,603.464205
-0.9933,68,603.680506
-0.9935,66,604.100847
-0.9935,66,604.349297
-0.9951,50,604.504671
-0.9942,59,604.725487
-0.9967,34,604.851791
-0.993,71,605.113472
-0.9968,33,605.231404
-0.9932,69,605.45467
-0.9943,58,605.649911
-0.9929,72,605.884472
-0.996,41,606.014656
-0.9918,83,606.277413
-0.995,51,606.440206
-0.9958,43,606.580909
-0.9936,65,606.805118
-0.9936,65,607.013459
-0.9936,65,607.219262
-0.9948,53,607.388398
-0.9923,78,607.635546
-0.9979,22,607.705716
-0.9919,82,607.963207
-0.9952,49,608.117672
-0.9929,72,608.34573
-0.9978,23,608.421448
-0.995,51,608.587361
-0.993,71,608.816328
-0.996,41,608.946865
-0.9944,57,609.126375
-0.9958,43,609.261792
-0.9954,47,609.410213
-0.9949,52,609.584785
-0.9953,48,609.737163
-0.9965,36,609.850618
-0.9956,45,609.993789
-0.9918,83,610.256476
-0.9927,74,610.491673
-0.9929,72,610.722598
-0.9956,45,611.070815
-0.9953,48,611.222454
-0.993,71,611.444306
-0.9973,28,611.53424
-0.9974,27,611.641485
-0.9969,32,611.742437
-0.9945,56,611.929354
-0.9928,73,612.157535
-0.9936,65,612.361406
-0.9982,19,612.42295
-0.9935,66,612.637948
-0.9942,59,612.831327
-0.9923,78,613.074633
-0.9913,88,613.352176
-0.9965,36,613.465014
-0.995,51,613.626575
-0.9945,56,613.808775
-0.992,81,614.098632
-0.9865,136,614.53162
-0.9933,68,614.759208
-0.9976,25,614.838441
-0.9943,58,615.068694
-0.9952,49,615.226758
-0.993,71,615.45381
-0.9923,78,615.703701
-0.9948,53,615.875629
-0.997,31,616.001874
-0.9946,55,616.179482
-0.9964,37,616.311366
-0.9936,65,616.523588
-0.9978,23,616.605521
-0.9958,43,616.758372
-0.9964,37,616.881367
-0.9932,69,617.100615
-0.9922,79,617.355118
-0.9936,65,617.57317
-0.9978,23,617.652985
-0.9936,65,618.360438
-0.9943,58,618.576268
-0.9942,59,618.789307
-0.9951,50,618.986397
-0.9968,33,619.106413
-0.9787,214,619.859867
-0.992,81,620.162592
-0.9973,28,620.264839
-0.9909,92,620.602402
-0.9959,42,620.752503
-0.9902,99,621.108776
-0.9937,64,621.345917
-0.9948,53,621.531364
-0.9946,55,621.729501
-0.9949,52,621.910474
-0.9967,34,622.02524
-0.9974,27,622.112727
-0.9903,98,622.435373
-0.9976,25,622.517201
-0.9932,69,622.736325
-0.9929,72,622.964134
-0.995,51,623.128106
-0.9922,79,623.378753
-0.9935,66,623.59729
-0.994,61,623.792378
-0.9915,86,624.071156
-0.996,41,624.202355
-0.9913,88,624.481054
-0.9939,62,624.679253
-0.9937,64,624.881157
-0.9954,47,625.029686
-0.9938,63,625.43569
-0.9931,70,625.663278
-0.9927,74,625.900451
-0.9943,58,626.089152
-0.9941,60,626.283603
-0.9948,53,626.494604
-0.9978,23,626.569343
-0.9929,72,626.797753
-0.9927,74,627.032355
-0.9936,65,627.239052
-0.9933,68,627.458799
-0.9936,65,627.67109
-0.9949,52,627.891794
-0.9931,70,628.213253
-0.9954,47,628.4309
-0.9935,66,628.652299
-0.9933,68,628.965451
-0.994,61,629.207531
-0.9981,20,629.281536
-0.9937,64,629.591581
-0.9982,19,629.668151
-0.9926,75,629.956659
-0.9851,150,630.518496
-0.9913,88,630.865164
-0.9933,68,631.112077
-0.9932,69,631.360196
-0.9887,114,631.774444
-0.9946,55,631.971287
-0.971,291,633.232152
-0.9951,50,633.408807
-0.9928,73,633.670788
-0.9927,74,633.934241
-0.9948,53,634.134264
-0.9944,57,634.335988
-0.9922,79,634.618455
-0.9962,39,634.76202
-0.9957,44,634.921099
-0.9946,55,635.123082
-0.9952,49,635.298358
-0.9928,73,635.566599
-0.994,61,635.782395
-0.9954,47,635.951024
-0.9926,75,636.215538
-0.9951,50,636.390172
-0.9945,56,636.813725
-0.9937,64,637.069714
-0.993,71,637.323974
-0.9935,66,637.566459
-0.9952,49,637.741533
-0.9959,42,637.902518
-0.9959,42,638.062311
-0.996,41,638.215971
-0.9982,19,638.288846
-0.9935,66,638.55187
-0.9959,42,638.71409
-0.9958,43,638.871609
-0.9931,70,639.118472
-0.9938,63,639.340837
-0.9923,78,639.617135
-0.9892,109,640.004332
-0.9934,67,640.243833
-0.9959,42,640.392207
-0.9926,75,640.661183
-0.9828,173,641.492045
-0.9938,63,641.712191
-0.995,51,641.895495
-0.994,61,642.118644
-0.9982,19,642.187702
-0.9926,75,642.563658
-0.9948,53,642.900514
-0.9905,96,643.236775
-0.993,71,643.487142
-0.9982,19,643.557367
-0.9928,73,643.816422
-0.9976,25,643.906384
-0.9927,74,644.164017
-0.9981,20,644.23609
-0.995,51,644.41446
-0.9924,77,644.690053
-0.9927,74,644.953194
-0.9892,109,645.338849
-0.9948,53,645.530039
-0.9981,20,645.602207
-0.9938,63,645.833621
-0.9933,68,646.077636
-0.9952,49,646.248401
-0.9926,75,646.517029
-0.9961,40,646.70053
-0.9936,65,646.930895
-0.9978,23,647.014376
-0.9948,53,647.204713
-0.9923,78,647.502807
-0.9923,78,647.78673
-0.9953,48,647.97506
-0.9921,80,648.259092
-0.9968,33,648.376943
-0.9939,62,648.597965
-0.9931,70,649.065769
-0.994,61,649.279885
-0.9975,26,649.37222
-0.9919,82,649.659563
-0.9943,58,649.87566
-0.9927,74,650.137992
-0.9926,75,650.402146
-0.9983,18,650.46699
-0.9946,55,650.663911
-0.9941,60,650.878006
-0.9977,24,650.96231
-0.9935,66,651.194954
-0.9965,36,651.322356
-0.9978,23,651.403251
-0.9927,74,651.671983
-0.9945,56,651.876464
-0.9933,68,652.114169
-0.9931,70,652.360498
-0.9963,38,652.496868
-0.9932,69,652.74088
-0.9938,63,652.960828
-0.9935,66,653.195183
-0.9947,54,653.383747
-0.9963,38,653.522701
-0.9971,30,653.629606
-0.9925,76,653.899558
-0.9929,72,654.154057
-0.9924,77,654.423614
-0.9876,125,654.863496
-0.9929,72,655.117593
-0.9937,64,655.345408
-0.9912,89,655.661466
-0.9946,55,655.856246
-0.9958,43,656.01612
-0.9913,88,656.547895
-0.9981,20,656.619845
-0.9905,96,656.963745
-0.9972,29,657.066896
-0.9922,79,657.361837
-0.9981,20,657.431863
-0.9918,83,657.730063
-0.9926,75,657.998707
-0.9937,64,658.230989
-0.9954,47,658.399611
-0.994,61,658.617363
-0.9937,64,658.857361
-0.9919,82,659.15521
-0.9829,172,659.762634
-0.9956,45,659.92366
-0.996,41,660.068571
-0.9983,18,660.133758
-0.9945,56,660.331168
-0.9979,22,660.409937
-0.9901,100,660.773695
-0.9928,73,661.031152
-0.9978,23,661.11379
-0.9887,114,661.516803
-0.9929,72,661.770566
-0.9962,39,661.91095
-0.9923,78,662.185905
-0.9965,36,662.314474
-0.9944,57,662.517677
-0.9938,63,662.748493
-0.9938,63,663.026814
-0.995,51,663.220748
-0.9971,30,663.334062
-0.9928,73,663.619549
-0.9953,48,663.797377
-0.9942,59,664.229457
-0.99,101,664.586821
-0.991,91,664.922047
-0.9931,70,665.17981
-0.9922,79,665.511845
-0.9978,23,665.594447
-0.9947,54,665.785529
-0.994,61,666.004037
-0.9943,58,666.211937
-0.9979,22,666.290497
-0.9874,127,666.755858
-0.992,81,667.087865
-0.9947,54,667.303494
-0.9925,76,667.604492
-0.998,21,667.690314
-0.9967,34,667.831124
-0.9931,70,668.107445
-0.9947,54,668.354314
-0.9982,19,668.466889
-0.9941,60,668.781396
-0.9967,34,668.917655
-0.9921,80,669.189384
-0.9982,19,669.2676
-0.9916,85,669.567957
-0.9972,29,669.691234
-0.9972,29,669.797781
-0.9782,219,670.54612
-0.9981,20,670.612446
-0.9972,29,670.714025
-0.9926,75,671.000705
-0.9851,150,671.573435
-0.994,61,671.847174
-0.998,21,672.153161
-0.9949,52,672.332265
-0.9955,46,672.487484
-0.9924,77,672.763204
-0.9944,57,672.967096
-0.9941,60,673.181326
-0.9938,63,673.426963
-0.9935,66,673.769787
-0.9975,26,673.857174
-0.9951,50,674.072123
-0.9954,47,674.243423
-0.9862,139,674.794373
-0.9937,64,675.024563
0.9999,9999,713.682905
-0.9947,54,713.867545
-0.9919,82,714.133081
-0.9936,65,714.339643
-0.9932,69,714.563374
-0.9957,44,714.708256
-0.9975,26,714.791769
-0.9919,82,715.052805
-0.997,31,715.152056
-0.9926,75,715.389387
-0.9921,80,715.643518
-0.9975,26,715.726162
-0.9924,77,715.967954
-0.9982,19,716.028456
-0.9975,26,716.111918
-0.9826,175,716.662459
-0.9946,55,716.84232
-0.9943,58,717.025926
-0.9976,25,717.104932
-0.9926,75,717.342611
-0.9918,83,717.60678
-0.9977,24,717.684088
-0.9911,90,717.972419
-0.9841,160,718.482715
-0.9961,40,718.829756
-0.9949,52,719.036049
-0.9937,64,719.256327
-0.998,21,719.326666
-0.9928,73,719.560796
-0.9767,234,720.34669
-0.9974,27,720.432915
-0.9925,76,720.693216
-0.9946,55,720.974013
-0.9978,23,721.210894
-0.9911,90,721.549156
-0.9927,74,721.827272
-0.9971,30,721.931192
-0.9962,39,722.065286
-0.9967,34,722.18196
-0.9973,28,722.276511
-0.9947,54,722.451146
-0.997,31,722.554446
-0.9915,86,722.839524
-0.992,81,723.160633
-0.9962,39,723.313982
-0.9937,64,723.522126
-0.998,21,723.59691
-0.9922,79,723.909423
-0.996,41,724.094148
-0.9912,89,724.393709
-0.9883,118,724.793469
-0.9924,77,725.048799
-0.9972,29,725.140926
-0.992,81,725.400857
-0.9979,22,725.470623
-0.993,71,725.699701
-0.9979,22,725.774962
-0.993,71,726.010415
-0.9973,28,726.106204
-0.9927,74,726.596236
-0.9921,80,726.885499
-0.9892,109,727.254839
-0.9963,38,727.398648
-0.992,81,727.673294
-0.9978,23,727.747521
-0.9907,94,728.048803
-0.9928,73,728.302692
-0.9964,37,728.460588
-0.994,61,728.693966
-0.9922,79,729.00285
-0.9951,50,729.185787
-0.9981,20,729.265891
-0.9918,83,729.561245
-0.9975,26,729.654103
-0.9901,100,730.025205
-0.9965,36,730.15722
-0.998,21,730.229236
-0.9787,214,731.080437
-0.9918,83,731.401677
-0.989,111,731.841687
-0.9915,86,732.153212
-0.9931,70,732.425321
-0.9967,34,732.57419
-0.9953,48,732.780235
-0.9981,20,732.870617
-0.9949,52,733.059691
-0.9982,19,733.124228
-0.9925,76,733.379274
-0.9981,20,733.44495
-0.9918,83,733.730365
-0.9942,59,733.929171
-0.9977,24,734.230914
-0.9981,20,734.304748
-0.9915,86,734.586943
-0.9913,88,734.882762
-0.998,21,734.970654
-0.9977,24,735.100453
-0.988,121,735.544675
-0.9923,78,735.802653
-0.9928,73,736.060137
-0.9976,25,736.141809
-0.9928,73,736.396016
-0.9957,44,736.543602
-0.9859,142,737.023883
-0.9917,84,737.312319
-0.9981,20,737.375711
-0.9954,47,737.535957
-0.9936,65,737.769188
-0.9932,69,738.014833
-0.994,61,738.277005
-0.9956,45,738.450573
-0.9925,76,738.750678
-0.9819,182,739.414339
-0.9912,89,739.721483
-0.998,21,739.788707
-0.9937,64,739.993667
-0.9922,79,740.255281
-0.9977,24,740.331399
-0.9903,98,740.643809
-0.9979,22,740.720378
-0.9878,123,741.111346
-0.9975,26,741.195439
-0.9923,78,741.682006
-0.9839,162,742.194179
-0.9954,47,742.344839
-0.974,261,743.197825
-0.9911,90,743.512485
-0.9829,172,744.105982
-0.9943,58,744.289551
-0.9971,30,744.384377
-0.9963,38,744.507211
-0.9229,772,746.989294
-0.9974,27,747.085285
-0.9898,103,747.444516
-0.9982,19,747.508571
-0.9949,52,747.694892
-0.9975,26,747.782297
-0.9911,90,748.212597
-0.9933,68,748.687244
-0.9923,78,748.952063
-0.9939,62,749.160242
-0.9926,75,749.854003
-0.9975,26,750.064
-0.9977,24,750.166777
-0.994,61,750.637003
-0.9937,64,750.858036
-0.9942,59,751.04535
-0.9933,68,751.424201
-0.9937,64,751.627477
-0.994,61,751.819731
-0.9973,28,751.908943
-0.9917,84,752.172697
-0.9959,42,752.32026
-0.9936,65,752.52298
-0.9883,118,752.905903
-0.9758,243,753.92937
-0.9966,35,754.040201
-0.9895,106,754.37263
-0.9856,145,754.839381
-0.9982,19,754.901717
-0.9923,78,755.159323
-0.9913,88,755.438511
-0.994,61,755.632632
-0.9977,24,755.708545
-0.9919,82,755.967647
-0.9912,89,756.245766
-0.9925,76,756.620602
-0.9948,53,757.481799
-0.9924,77,757.817588
-0.9934,67,758.13117
-0.9948,53,758.405726
-0.9948,53,758.626067
-0.9939,62,758.910607
-0.9907,94,759.296346
-0.9925,76,759.582699
-0.9938,63,759.822429
-0.9927,74,760.091177
-0.9966,35,760.217051
-0.9926,75,760.493045
-0.9938,63,760.731251
-0.9914,87,761.22441
-0.9939,62,761.456922
-0.9953,48,761.821164
-0.9923,78,762.289065
-0.8567,1434,767.506327
-0.9909,92,767.820954
-0.9912,89,768.116126
-0.9979,22,768.188784
-0.9937,64,768.403112
-0.9932,69,768.627442
-0.9931,70,768.925316
-0.9948,53,769.109982
-0.9943,58,769.299516
-0.991,91,769.616587
-0.9928,73,769.862874
-0.9982,19,769.928302
-0.9928,73,770.181665
-0.9961,40,770.324247
-0.9937,64,770.550331
-0.993,71,770.802038
-0.9982,19,770.863007
-0.9909,92,771.166318
-0.9904,97,771.511755
-0.9977,24,771.599263
-0.9924,77,771.896458
-0.9957,44,772.057806
-0.9935,66,772.289115
-0.998,21,772.363263
-0.9913,88,772.701564
-0.9947,54,772.960259
-0.9935,66,773.449068
-0.9918,83,773.730148
-0.9926,75,773.98744
-0.9899,102,774.34487
-0.9979,22,774.426658
-0.9931,70,774.665745
-0.9982,19,774.735413
-0.9928,73,775.006527
-0.9917,84,775.310918
-0.9944,57,775.515781
-0.9934,67,775.735048
-0.9925,76,775.979983
-0.9931,70,776.202312
-0.9947,54,776.375044
-0.9919,82,776.638751
-0.9976,25,776.724687
-0.9947,54,776.900408
-0.9974,27,776.989219
-0.9918,83,777.256867
-0.9956,45,777.401473
-0.9971,30,777.49887
-0.9974,27,777.587356
-0.9969,32,777.689597
-0.9895,106,778.045419
-0.9981,20,778.119484
-0.9887,114,778.507863
-0.9932,69,778.748751
-0.9981,20,778.817869
-0.9936,65,779.054714
-0.9928,73,779.297974
-0.9981,20,779.368818
-0.9944,57,779.566559
-0.9973,28,779.659941
-0.9922,79,779.931438
-0.9873,128,780.58435
-0.9761,240,781.436555
-0.9922,79,781.732385
-0.9928,73,781.983901
-0.9938,63,782.190793
-0.9652,349,783.48453
-0.9916,85,783.784098
-0.9957,44,783.930148
-0.9982,19,783.99116
-0.9948,53,784.159344
-0.9981,20,784.222912
-0.9948,53,784.395337
-0.9938,63,784.604223
-0.9975,26,784.70701
-0.9919,82,784.970455
-0.9948,53,785.138635
-0.9939,62,785.335247
-0.9905,96,785.638193
-0.9926,75,785.87365
-0.9913,88,786.15158
-0.9952,49,786.307444
-0.9965,36,786.421743
-0.9919,82,786.690854
-0.9895,106,787.199714
-0.9941,60,787.390514
-0.9927,74,787.83292
-0.9917,84,788.097146
-0.9947,54,788.268328
-0.9982,19,788.32935
-0.9933,68,788.551747
-0.9907,94,788.867792
-0.9954,47,789.015869
-0.9966,35,789.12685
-0.9895,106,789.458919
-0.9982,19,789.639523
-0.9974,27,789.725959
-0.996,41,789.855725
-0.9933,68,790.08461
-0.9925,76,790.349589
-0.9928,73,790.602838
-0.9978,23,790.686232
-0.9924,77,790.972095
-0.9963,38,791.120084
-0.9963,38,791.253679
-0.985,151,792.121913
-0.993,71,792.41336
-0.9904,97,792.7627
-0.9944,57,792.970389
-0.9966,35,793.099613
-0.9895,106,793.463734
-0.993,71,793.724689
-0.9965,36,793.864506
-0.9941,60,794.098139
-0.9982,19,794.174886
-0.9972,29,794.280739
-0.9979,22,794.363637
-0.9897,104,794.770811
-0.992,81,795.041652
-0.992,81,795.318103
-0.9941,60,795.716859
-0.9899,102,796.07907
-0.9945,56,796.269693
-0.998,21,796.340801
-0.9938,63,796.567128
-0.9892,109,796.927417
-0.9963,38,797.051502
-0.993,71,797.31387
-0.9941,60,797.521735
-0.994,61,797.746864
-0.9964,37,797.872401
-0.9963,38,798.012326
-0.9858,143,798.481347
-0.9917,84,798.761614
-0.9949,52,798.935992
-0.9941,60,799.153993
-0.9914,87,799.473488
-0.9913,88,799.779873
-0.9908,93,800.09985
-0.9923,78,800.36753
-0.9972,29,800.470817
-0.9879,122,800.905541
-0.9914,87,801.193679
-0.9929,72,801.467587
-0.9979,22,801.558232
-0.9924,77,801.829881
-0.9979,22,801.936087
-0.9939,62,802.163198
-0.9965,36,802.300305
-0.9964,37,802.42963
-0.9957,44,802.587655
-0.994,61,802.79729
-0.9941,60,803.301152
-0.9908,93,803.65371
-0.9934,67,803.885522
-0.9854,147,804.465823
-0.9959,42,804.617812
-0.9935,66,804.903543
-0.9948,53,805.125856
-0.9979,22,805.211845
-0.9946,55,805.411926
-0.9901,100,805.865329
-0.994,61,806.194202
-0.9944,57,806.454825
-0.9908,93,806.86283
-0.9953,48,807.023136
-0.9923,78,807.291152
-0.9897,104,807.642202
-0.9942,59,807.839225
-0.9876,125,808.2498
-0.9939,62,808.453754
-0.9404,597,810.512933
-0.9976,25,810.604013
-0.9914,87,811.187677
-0.9927,74,811.481075
-0.9967,34,811.6082
-0.9979,22,811.691728
-0.9952,49,811.90071
-0.9925,76,812.214317
-0.9923,78,812.523273
-0.9937,64,812.774033
-0.9981,20,812.853929
-0.9924,77,813.156947
-0.9915,86,813.47903
-0.968,321,814.582571
-0.9941,60,814.796756
-0.9977,24,814.882739
-0.9916,85,815.179464
-0.7961,2040,823.045878
-0.9826,175,823.672392
-0.9931,70,823.931164
-0.9968,33,824.046774
-0.9913,88,824.340777
-0.9982,19,824.40284
-0.9915,86,824.677108
-0.9924,77,824.944378
-0.9979,22,825.021925
-0.9954,47,825.174813
-0.9932,69,825.396382
-0.9909,92,825.685138
-0.9972,29,825.778538
-0.9912,89,826.077721
-0.9927,74,826.559611
-0.9955,46,826.720396
-0.9909,92,827.079775
-0.9981,20,827.148517
-0.9941,60,827.379818
-0.9977,24,827.479793
-0.993,71,827.71139
-0.9951,50,827.886083
-0.9968,33,827.993848
-0.9915,86,828.305211
-0.9982,19,828.381077
-0.9921,80,828.700397
-0.9974,27,828.824369
-0.9935,66,829.106478
-0.9923,78,829.373692
-0.9952,49,829.543928
-0.9956,45,829.693222
-0.9979,22,829.769418
-0.9896,105,830.16485
-0.9982,19,830.242329
-0.9899,102,830.592517
-0.9931,70,830.912957
-0.9981,20,830.98523
-0.9925,76,831.289988
-0.9975,26,831.382558
-0.9981,20,831.452983
-0.994,61,831.665691
-0.9771,230,832.421982
-0.9922,79,832.812095
-0.9919,82,833.141609
-0.9947,54,833.320243
-0.9928,73,833.587426
-0.993,71,833.837658
-0.9824,177,834.643236
-0.9927,74,834.972218
-0.9962,39,835.135125
-0.9953,48,835.461985
-0.9858,143,835.975945
-0.988,121,836.475424
-0.9934,67,836.731555
-0.9976,25,836.824155
-0.9905,96,837.173225
-0.9738,263,838.226061
-0.9925,76,838.507735
-0.9927,74,838.770038
-0.9982,19,838.836294
-0.9905,96,839.218948
-0.9926,75,839.497923
-0.9977,24,839.632789
-0.9922,79,839.920379
-0.9956,45,840.07846
-0.9935,66,840.340154
-0.9979,22,840.428198
-0.9916,85,840.768976
-0.995,51,840.962178
-0.9981,20,841.037371
-0.992,81,841.387123
-0.998,21,841.491879
-0.9942,59,841.687781
-0.9919,82,841.961771
-0.9948,53,842.139453
-0.9948,53,842.542369
-0.9926,75,842.790027
-0.9918,83,843.06826
-0.9972,29,843.163458
-0.9915,86,843.453276
-0.9932,69,843.673841
-0.9978,23,843.749049
-0.9934,67,843.964144
-0.9981,20,844.032165
-0.9924,77,844.301582
-0.9979,22,844.38493
-0.9837,164,844.931522
-0.9931,70,845.184624
-0.9948,53,845.35651
-0.9938,63,845.574044
-0.9924,77,845.845346
-0.9914,87,846.124863
-0.9953,48,846.291325
-0.9936,65,846.51323
-0.996,41,846.654462
-0.9973,28,846.75725
-0.9981,20,846.831958
-0.9924,77,847.08429
-0.992,81,847.400084
-0.9945,56,847.626544
-0.9919,82,847.925365
-0.9955,46,848.089095
-0.9947,54,848.279607
-0.9978,23,848.359927
-0.9913,88,848.648507
-0.9937,64,848.860829
-0.9924,77,849.115671
-0.992,81,849.399988
0.9999,9999,885.629236
-0.9923,78,885.879923
-0.9921,80,886.13339
-0.9939,62,886.332092
-0.9946,55,886.719519
-0.9878,123,887.114249
-0.9979,22,887.186525
-0.9877,124,887.628913
-0.9941,60,887.822271
-0.988,121,888.200917
-0.8647,1354,892.460049
-0.9969,32,892.561775
-0.9964,37,892.678915
-0.9852,149,893.149136
-0.9913,88,893.651857
-0.9943,58,893.837769
-0.9918,83,894.09866
-0.9936,65,894.307009
-0.994,61,894.50605
-0.9967,34,894.613893
-0.994,61,894.812762
-0.9938,63,895.011483
-0.9931,70,895.237628
-0.9928,73,895.466738
-0.9919,82,895.73029
-0.9927,74,895.962777
-0.9931,70,896.185943
-0.9932,69,896.403422
-0.9934,67,896.613979
-0.9978,23,896.694034
-0.9912,89,897.033137
-0.9967,34,897.150528
-0.9924,77,897.400618
-0.9982,19,897.467691
-0.9942,59,897.673187
-0.998,21,897.745883
-0.9931,70,897.984524
-0.9933,68,898.212194
-0.9909,92,898.659238
-0.9961,40,898.818021
-0.9915,86,899.13697
-0.9828,173,899.83334
-0.9855,146,900.428076
-0.9912,89,900.993395
-0.9981,20,901.059855
-0.994,61,901.266554
-0.9935,66,901.492215
-0.9909,92,901.841533
-0.9941,60,902.06161
-0.9927,74,902.314306
-0.9978,23,902.392643
-0.9944,57,902.613714
-0.996,41,902.773736
-0.998,21,902.860173
-0.9916,85,903.188881
-0.9848,153,903.721328
-0.9875,126,904.138767
-0.9886,115,904.508664
-0.9981,20,904.575216
-0.9921,80,904.842465
-0.9983,18,904.903201
-0.9928,73,905.147326
-0.9831,170,905.753243
-0.998,21,905.825835
-0.9945,56,906.035915
-0.9937,64,906.278697
-0.9939,62,906.50982
-0.9946,55,906.711273
-0.9899,102,907.075468
-0.9948,53,907.304598
-0.9908,93,907.668159
-0.998,21,907.74602
-0.9932,69,908.001354
-0.9882,119,908.590906
-0.9898,103,908.91439
-0.9964,37,909.030441
-0.9948,53,909.202341
-0.9896,105,909.589631
-0.9929,72,909.881363
-0.9939,62,910.124233
-0.9959,42,910.295791
-0.998,21,910.433893
-0.9935,66,910.697285
-0.9937,64,910.911844
-0.9935,66,911.148657
-0.994,61,911.370592
-0.9934,67,911.606479
-0.9977,24,911.686145
-0.9917,84,911.996438
-0.9923,78,912.28186
-0.992,81,912.596094
-0.9925,76,912.883637
-0.9961,40,913.032664
-0.9936,65,913.267211
-0.9954,47,913.444038
-0.9926,75,913.746702
-0.9891,110,914.167981
-0.972,281,915.119927
-0.9803,198,915.831644
-0.9936,65,916.254103
-0.9935,66,916.505257
-0.9945,56,916.72221
-0.9916,85,917.020124
-0.9953,48,917.179734
-0.9941,60,917.377508
-0.9944,57,917.574613
-0.9903,98,917.92759
-0.9971,30,918.029316
-0.994,61,918.233295
-0.9932,69,918.468639
-0.9981,20,918.570357
-0.993,71,918.828158
-0.9861,140,919.311532
-0.9948,53,919.495535
-0.9979,22,919.572633
-0.9934,67,919.808452
-0.9967,34,919.925877
-0.9938,63,920.138211
-0.993,71,920.368257
-0.9898,103,920.696434
-0.997,31,920.79841
-0.9943,58,920.992535
-0.9879,122,921.416325
-0.9941,60,921.618899
-0.9979,22,921.703701
-0.9924,77,921.995179
-0.9953,48,922.178042
-0.9955,46,922.331678
-0.9976,25,922.417647
-0.9945,56,922.60891
-0.9947,54,922.790776
-0.9982,19,922.858529
-0.993,71,923.096871
-0.998,21,923.170045
-0.9919,82,923.673967
-0.9952,49,923.836369
-0.998,21,923.912609
-0.9923,78,924.19367
-0.9962,39,924.331206
-0.9956,45,924.503591
-0.956,441,926.142491
-0.9898,103,926.522383
-0.9908,93,926.850304
-0.9928,73,927.127178
-0.9934,67,927.387017
-0.9981,20,927.459105
-0.9936,65,927.685147
-0.9964,37,927.814333
-0.9913,88,928.107366
-0.9937,64,928.32076
-0.9942,59,928.509933
-0.9916,85,928.780007
-0.9916,85,929.066484
-0.9981,20,929.143998
-0.9929,72,929.369427
-0.9979,22,929.43973
-0.9941,60,929.638831
-0.9926,75,929.925062
-0.998,21,930.005039
-0.9927,74,930.257854
-0.9926,75,930.519991
-0.9963,38,930.661788
-0.9942,59,931.083071
-0.9905,96,931.410219
-0.9928,73,931.643899
-0.9976,25,931.723827
-0.9904,97,932.054871
-0.9936,65,932.276106
-0.9918,83,932.553234
-0.9933,68,932.784713
-0.995,51,932.956247
-0.9906,95,933.280369
-0.998,21,933.349448
-0.9917,84,933.639902
-0.9969,32,933.772835
-0.9907,94,934.099054
-0.998,21,934.173665
-0.9937,64,934.407113
-0.9921,80,934.692307
-0.9982,19,934.75571
-0.9937,64,934.985451
-0.9927,74,935.226265
-0.9965,36,935.343981
-0.9939,62,935.569094
-0.9928,73,935.815407
-0.9961,40,935.989092
-0.9979,22,936.062199
-0.9913,88,936.345386
-0.9949,52,936.766109
-0.987,131,937.267075
-0.9933,68,937.500287
